artiId,언어군,참고문헌목록,참고문헌수,국내_한글,중문_한자,그밖_국제,학술지명있음,교육,언어학,문학,기타
ART002567227,영어,Y,17,16,0,1,14,4,0,0,10
ART002573767,영어,Y,39,29,0,10,24,17,2,0,5
ART002583554,영어,Y,23,8,0,15,13,10,0,0,3
ART002589981,영어,Y,66,1,0,65,39,16,11,0,12
ART002590263,영어,Y,33,24,0,9,20,13,5,2,0
ART002597022,영어,Y,32,19,0,13,17,7,5,0,5
ART002597529,영어,Y,29,5,0,24,26,20,2,1,3
ART002601186,한국어,Y,20,17,0,3,17,3,4,1,9
ART002603368,영어,Y,30,21,0,9,18,14,1,0,3
ART002603383,영어,Y,45,28,0,17,26,22,0,0,4
ART002603403,영어,Y,24,14,0,10,16,12,0,1,3
ART002603654,영어,Y,35,4,0,31,8,4,2,0,2
ART002605228,영어,Y,16,5,0,11,3,0,0,0,3
ART002611225,영어,Y,16,2,0,14,11,3,1,0,7
ART002613530,한국어,Y,43,3,0,40,32,6,13,1,12
ART002620199,한국어,Y,15,12,0,3,15,1,10,0,4
ART002623983,영어,Y,36,31,0,5,18,14,3,1,0
ART002623987,영어,Y,49,9,0,40,20,9,1,0,10
ART002629602,영어,Y,32,3,0,29,28,13,9,1,5
ART002630330,영어,Y,40,20,0,20,31,20,8,0,3
ART002636471,영어,Y,44,7,0,37,14,8,0,0,6
ART002636973,영어,Y,32,11,0,21,19,8,7,1,3
ART002637350,중국어,Y,22,22,0,0,16,11,0,1,4
ART002642227,영어,Y,23,1,0,22,2,1,0,0,1
ART002649783,영어,Y,33,9,0,24,27,18,2,1,6
ART002659110,영어,Y,19,9,0,10,16,6,1,1,8
ART002660563,영어,Y,27,15,0,12,10,6,0,0,4
ART002661261,한국어,Y,25,18,1,6,18,5,8,2,3
ART002662563,영어,Y,12,7,0,5,5,2,0,0,3
ART002662782,한국어,Y,44,24,0,20,28,5,0,0,23
ART002663959,중국어,Y,43,32,0,11,38,1,26,3,8
ART002665709,영어,Y,45,34,0,11,33,22,2,1,8
ART002673711,영어,Y,29,26,0,3,16,16,0,0,0
ART002681309,영어,Y,20,1,0,19,11,5,4,0,2
ART002681484,영어,Y,30,10,0,20,22,14,2,2,4
ART002681490,영어,Y,55,16,0,39,35,23,7,2,3
ART002682139,영어,Y,35,33,0,2,28,10,3,2,13
ART002687354,영어,Y,20,5,1,14,7,2,1,2,2
ART002687474,영어,Y,12,11,0,1,4,3,0,1,0
ART002688197,영어,Y,38,27,0,11,21,14,2,1,4
ART002688407,영어,Y,54,47,0,7,45,30,3,3,9
ART002688408,영어,Y,23,5,0,18,16,5,5,0,6
ART002688434,영어,Y,20,15,0,5,16,12,2,0,2
ART002688716,한국어,Y,6,5,0,1,4,1,3,0,0
ART002688886,영어,Y,30,2,0,28,28,3,2,0,23
ART002689156,영어,Y,43,15,0,28,28,18,2,2,6
ART002689157,영어,Y,42,40,0,2,33,22,1,3,7
ART002689160,영어,Y,40,23,0,17,26,15,4,1,6
ART002694686,한국어,Y,22,5,0,17,21,14,2,2,3
ART002696276,영어,Y,15,5,0,10,11,5,1,0,5
ART002698265,영어,Y,20,6,0,14,14,7,1,0,6
ART002698618,영어,Y,38,24,0,14,30,19,9,0,2
ART002699513,한국어,Y,29,29,0,0,23,10,4,1,8
ART002707732,영어,Y,56,10,0,46,23,15,0,0,8
ART002708187,영어,Y,34,4,0,30,22,8,3,0,11
ART002709575,영어,Y,23,23,0,0,16,11,0,2,3
ART002714132,한국어,Y,16,13,0,3,11,7,1,0,3
ART002716919,영어,Y,16,8,0,8,9,7,1,0,1
ART002718950,한국어,Y,19,14,0,5,14,10,0,0,4
ART002719374,영어,Y,24,18,0,6,20,14,1,1,4
ART002720955,영어,Y,16,4,0,12,10,1,0,1,8
ART002721055,한국어,Y,35,17,0,18,26,15,4,3,4
ART002721532,영어,Y,10,9,0,1,7,0,3,1,3
ART002726480,영어,Y,30,23,0,7,13,6,0,3,4
ART002729726,한국어,Y,11,6,0,5,9,1,5,1,2
ART002731902,영어,Y,22,4,0,18,18,12,1,1,4
ART002731919,한국어,Y,58,42,0,16,43,27,4,2,10
ART002732332,영어,Y,8,3,0,5,3,0,0,1,2
ART002737367,영어,Y,11,4,0,7,11,2,1,0,8
ART002738584,한국어,Y,35,21,0,14,15,4,2,0,9
ART002739767,영어,Y,34,5,0,29,23,5,3,0,15
ART002741632,영어,Y,27,26,0,1,14,9,0,1,4
ART002741633,영어,Y,19,18,0,1,14,13,0,1,0
ART002742852,한국어,Y,32,22,0,10,13,2,5,0,6
ART002747447,영어,Y,44,23,0,21,32,22,4,3,3
ART002749365,영어,Y,17,11,0,6,16,0,11,1,4
ART002749984,영어,Y,28,7,0,21,20,11,0,0,9
ART002750642,영어,Y,31,24,0,7,17,8,2,1,6
ART002755565,영어,Y,22,13,0,9,16,11,0,0,5
ART002756323,한국어,Y,26,24,0,2,18,12,3,0,3
ART002757438,한국어,Y,25,17,0,8,13,10,3,0,0
ART002757457,중국어,Y,52,33,2,17,36,1,25,2,8
ART002757461,영어,Y,39,6,0,33,20,5,6,1,8
ART002759362,영어,Y,74,60,0,14,64,41,6,6,11
ART002759916,영어,Y,33,12,0,21,29,17,5,0,7
ART002760147,영어,Y,22,11,0,11,19,9,2,1,7
ART002760647,한국어,Y,63,16,0,47,35,20,1,0,14
ART002760714,영어,Y,22,22,0,0,18,9,1,2,6
ART002762782,영어,Y,23,22,0,1,19,16,1,1,1
ART002767500,영어,Y,12,12,0,0,9,4,0,3,2
ART002770401,한국어,Y,43,32,0,11,37,19,3,1,14
ART002770496,영어,Y,13,11,0,2,11,6,0,1,4
ART002775625,영어,Y,19,13,0,6,15,10,2,1,2
ART002778190,영어,Y,50,9,0,41,27,12,4,0,11
ART002778198,영어,Y,23,17,0,6,20,13,1,2,4
ART002778723,영어,Y,27,19,0,8,14,6,0,0,8
ART002778800,한국어,Y,28,14,0,14,15,8,3,1,3
ART002779286,한국어,Y,32,25,0,7,24,18,2,1,3
ART002779769,영어,Y,40,28,0,12,25,22,0,0,3
ART002782276,영어,Y,31,4,0,27,26,8,14,0,4
ART002784619,영어,Y,16,8,0,8,10,6,0,0,4
ART002786201,영어,Y,40,22,0,18,21,14,1,1,5
ART002786203,영어,Y,28,18,0,10,16,8,5,1,2
ART002789114,영어,Y,45,40,0,5,39,18,5,2,14
ART002793540,영어,Y,50,29,0,21,45,7,27,6,5
ART002795416,영어,Y,19,15,0,4,17,13,1,0,3
ART002795449,영어,Y,18,12,0,6,11,7,0,0,4
ART002795688,한국어,Y,25,21,0,4,20,15,0,2,3
ART002795963,영어,Y,39,21,0,18,27,18,3,1,5
ART002796449,중국어,Y,13,13,0,0,13,1,10,1,1
ART002797472,영어,Y,13,1,0,12,12,8,0,2,2
ART002803022,영어,Y,55,18,0,37,42,23,5,1,13
ART002804821,한국어,Y,21,19,0,2,12,2,6,0,4
ART002807486,한국어,Y,17,2,0,15,9,3,3,0,3
ART002813177,영어,Y,63,36,0,27,49,29,4,3,13
ART002813342,영어,Y,36,11,0,25,29,18,7,0,4
ART002813694,영어,Y,26,16,0,10,16,4,9,1,2
ART002816258,영어,Y,18,8,0,10,13,8,0,0,5
ART002820075,한국어,Y,29,27,0,2,17,15,0,0,2
ART002821285,영어,Y,26,21,0,5,18,16,0,1,1
ART002822067,한국어,Y,14,8,0,6,6,5,0,0,1
ART002822223,영어,Y,17,3,0,14,12,4,1,0,7
ART002828883,영어,Y,14,0,0,14,6,0,5,0,1
ART002829679,영어,Y,42,15,0,27,32,18,5,0,9
ART002831873,한국어,Y,21,14,0,7,12,1,3,1,7
ART002835383,한국어,Y,14,13,0,1,10,4,4,0,2
ART002836456,중국어,Y,50,36,0,14,43,1,30,4,8
ART002837151,한국어,Y,26,15,0,11,14,2,9,1,2
ART002844359,한국어,Y,13,12,0,1,2,0,1,0,1
ART002844694,한국어,Y,13,11,0,2,4,0,1,0,3
ART002848993,영어,Y,43,30,0,13,29,7,15,3,4
ART002850759,영어,Y,46,9,0,37,41,26,4,0,11
ART002852703,영어,Y,36,35,0,1,17,12,0,1,4
ART002852779,영어,Y,72,1,0,71,54,36,4,0,14
ART002852963,영어,Y,35,5,0,30,31,23,1,0,7
ART002853139,영어,Y,55,16,0,39,44,19,15,0,10
ART002853280,영어,Y,38,24,0,14,26,14,0,1,11
ART002858999,영어,Y,16,16,0,0,13,12,0,0,1
ART002864112,중국어,Y,19,14,0,5,15,1,9,4,1
ART002864758,영어,Y,23,0,0,23,21,0,12,0,9
ART002867682,한국어,Y,9,5,0,4,9,5,3,1,0
ART002868589,중국어,Y,25,14,9,2,13,2,8,1,2
ART002869074,한국어,Y,27,2,0,25,12,5,1,0,6
ART002869202,영어,Y,34,33,0,1,31,18,3,3,7
ART002870236,영어,Y,26,15,0,11,21,14,0,2,5
ART002870272,영어,Y,31,9,0,22,28,19,2,2,5
ART002870850,영어,Y,32,10,0,22,11,10,0,1,0
ART002870952,영어,Y,34,6,0,28,27,18,3,0,6
ART002871307,영어,Y,26,5,0,21,15,6,3,0,6
ART002871325,영어,Y,57,53,0,4,44,33,2,0,9
ART002874163,한국어,N,0,0,0,0,0,0,0,0,0
ART002877417,영어,Y,45,31,0,14,30,12,5,5,8
ART002879240,영어,Y,27,14,0,13,16,9,3,2,2
ART002879355,영어,Y,44,5,0,39,34,25,0,1,8
ART002879768,중국어,Y,28,12,8,8,8,3,1,0,4
ART002879996,영어,Y,11,8,0,3,11,6,2,1,2
ART002880076,영어,Y,32,23,0,9,24,20,0,3,1
ART002880987,영어,Y,45,3,0,42,37,21,9,0,7
ART002881718,영어,Y,59,36,0,23,35,25,5,1,4
ART002882962,한국어,Y,25,15,0,10,14,6,0,0,8
ART002883389,영어,Y,25,16,0,9,16,13,1,0,2
ART002883706,영어,Y,36,34,0,2,20,18,1,1,0
ART002884325,영어,Y,53,14,0,39,47,23,7,2,15
ART002885100,한국어,Y,21,20,0,1,12,0,9,1,2
ART002887072,한국어,Y,29,28,0,1,8,4,0,3,1
ART002890421,한국어,Y,47,16,0,31,32,20,1,1,10
ART002892425,영어,Y,26,10,0,16,14,4,7,2,1
ART002898945,영어,Y,24,20,0,4,16,12,1,1,2
ART002900230,영어,Y,25,10,0,15,12,7,2,0,3
ART002900682,한국어,Y,22,16,0,6,14,4,10,0,0
ART002900683,한국어,Y,25,12,0,13,23,12,4,2,5
ART002900691,한국어,Y,33,21,0,12,19,8,5,1,5
ART002904503,한국어,Y,66,57,0,9,51,16,3,1,31
ART002904821,영어,Y,39,22,0,17,24,12,2,4,6
ART002908411,한국어,Y,6,5,0,1,5,1,2,1,1
ART002909994,한국어,Y,19,12,0,7,10,6,0,1,3
ART002911495,영어,Y,7,6,0,1,7,4,1,2,0
ART002911844,영어,Y,50,39,0,11,48,34,8,4,2
ART002913470,영어,Y,38,4,0,34,25,17,3,0,5
ART002913580,영어,Y,37,15,0,22,16,12,1,0,3
ART002914524,영어,Y,35,23,0,12,29,18,1,3,7
ART002915258,영어,Y,45,22,0,23,23,15,5,1,2
ART002917136,한국어,Y,21,19,0,2,21,14,4,1,2
ART002920963,한국어,Y,45,45,0,0,33,15,11,1,6
ART002923808,영어,Y,41,19,0,22,27,14,2,5,6
ART002926819,한국어,Y,8,2,0,6,4,2,0,0,2
ART002926971,한국어,Y,28,24,0,4,22,18,3,0,1
ART002928413,중국어,Y,11,5,1,5,5,1,2,2,0
ART002932677,영어,Y,31,16,0,15,20,16,1,1,2
ART002932981,영어,Y,37,27,0,10,24,19,2,1,2
ART002932996,영어,Y,21,7,0,14,10,5,2,0,3
ART002936027,한국어,Y,17,11,0,6,12,6,1,0,5
ART002937107,영어,Y,29,12,0,17,17,3,8,4,2
ART002941375,영어,Y,52,27,0,25,32,23,1,3,5
ART002941399,영어,Y,48,12,0,36,42,22,2,0,18
ART002942027,중국어,Y,17,14,1,2,5,0,1,1,3
ART002943094,영어,Y,45,31,0,14,38,27,1,3,7
ART002943137,영어,Y,29,13,0,16,26,14,6,2,4
ART002943780,영어,Y,38,35,0,3,18,12,0,3,3
ART002944645,영어,Y,48,27,0,21,37,28,2,0,7
ART002944747,영어,Y,49,49,0,0,45,10,23,7,5
ART002945477,영어,Y,27,11,0,16,25,7,12,1,5
ART002945492,중국어,Y,21,10,0,11,16,0,11,1,4
ART002947390,한국어,Y,17,16,0,1,16,6,8,0,2
ART002949647,영어,Y,45,25,0,20,41,16,16,1,8
ART002949651,영어,Y,43,15,0,28,32,6,20,2,4
ART002949969,영어,Y,55,43,0,12,44,19,7,3,15
ART002950041,한국어,Y,57,43,0,14,36,29,2,1,4
ART002953060,중국어,Y,23,9,10,4,18,3,2,1,12
ART002953230,영어,Y,17,7,0,10,11,5,0,0,6
ART002953424,영어,Y,14,8,0,6,11,6,3,1,1
ART002954001,영어,Y,28,11,0,17,27,10,11,0,6
ART002955580,영어,Y,37,3,0,34,11,6,1,0,4
ART002955628,영어,Y,58,23,0,35,42,30,3,3,6
ART002956050,한국어,Y,15,13,0,2,9,3,4,0,2
ART002960653,영어,Y,22,17,0,5,20,10,5,3,2
ART002960694,영어,Y,68,18,0,50,50,27,3,0,20
ART002960695,영어,Y,17,10,0,7,8,5,1,1,1
ART002960786,한국어,Y,31,25,0,6,15,1,6,2,6
ART002960800,영어,Y,25,19,0,6,14,7,0,0,7
ART002961112,한국어,Y,10,10,0,0,10,3,4,1,2
ART002961439,한국어,Y,15,14,0,1,12,6,3,1,2
ART002961534,영어,Y,26,14,0,12,25,17,5,1,2
ART002961757,영어,Y,17,1,0,16,10,1,1,0,8
ART002962771,한국어,Y,30,22,0,8,23,7,7,1,8
ART002962788,영어,Y,16,7,0,9,14,7,3,1,3
ART002963102,영어,Y,21,11,0,10,14,6,1,1,6
ART002963106,영어,Y,29,17,0,12,20,11,3,0,6
ART002963108,영어,Y,26,20,0,6,20,14,0,2,4
ART002963110,영어,Y,31,9,0,22,18,16,1,0,1
ART002963113,영어,Y,22,5,0,17,12,8,1,0,3
ART002963117,영어,Y,22,12,0,10,20,16,0,0,4
ART002963118,영어,Y,37,35,0,2,28,13,0,1,14
ART002963119,영어,Y,21,17,0,4,19,8,1,2,8
ART002965304,한국어,Y,20,5,0,15,9,5,1,0,3
ART002966706,한국어,Y,39,26,0,13,31,15,5,1,10
ART002970069,영어,Y,38,4,0,34,30,19,3,2,6
ART002970242,영어,Y,27,6,0,21,8,5,0,0,3
ART002970274,영어,Y,13,13,0,0,11,4,0,6,1
ART002970526,영어,Y,30,7,0,23,23,5,12,0,6
ART002970548,영어,Y,70,12,0,58,49,15,4,0,30
ART002970563,영어,Y,31,18,0,13,23,21,2,0,0
ART002970577,영어,Y,32,15,0,17,29,19,3,0,7
ART002970934,한국어,Y,52,25,0,27,40,24,3,2,11
ART002971359,영어,Y,18,7,0,11,10,6,1,0,3
ART002971991,한국어,Y,19,15,0,4,19,1,14,0,4
ART002972535,한국어,Y,16,13,0,3,13,7,2,2,2
ART002973143,영어,Y,64,21,0,43,54,36,4,2,12
ART002973817,영어,Y,19,15,0,4,12,10,1,1,0
ART002974844,영어,Y,30,11,0,19,25,18,3,1,3
ART002975064,한국어,Y,24,23,0,1,12,5,3,2,2
ART002977020,한국어,Y,41,6,0,35,21,7,5,0,9
ART002981289,한국어,Y,9,6,3,0,8,2,3,1,2
ART002987907,영어,Y,21,11,0,10,13,12,0,1,0
ART002988928,한국어,Y,26,6,0,20,20,9,0,1,10
ART002988974,영어,Y,31,14,0,17,22,14,1,2,5
ART002989071,영어,Y,56,7,0,49,43,22,2,0,19
ART002989143,영어,Y,20,0,0,20,13,11,0,0,2
ART002989427,영어,Y,28,13,0,15,16,8,3,2,3
ART002990748,한국어,Y,7,0,0,7,4,1,0,0,3
ART002991325,한국어,Y,26,21,0,5,25,18,3,1,3
ART002991450,영어,Y,49,34,0,15,34,22,0,1,11
ART002993852,영어,Y,67,8,0,59,57,33,4,0,20
ART002996174,한국어,Y,25,17,0,8,15,8,3,1,3
ART002997291,영어,Y,19,8,0,11,10,6,0,2,2
ART002999641,영어,Y,43,12,0,31,35,23,4,3,5
ART003000414,한국어,Y,31,23,0,8,9,4,1,2,2
ART003000860,영어,Y,47,22,0,25,40,22,8,4,6
ART003001044,영어,Y,27,12,0,15,13,8,0,0,5
ART003001461,한국어,Y,22,13,0,9,15,8,4,0,3
ART003001551,영어,Y,36,25,0,11,26,12,1,1,12
ART003001553,영어,Y,24,18,0,6,21,13,1,1,6
ART003001586,영어,Y,19,14,0,5,13,9,2,1,1
ART003001594,영어,Y,47,40,0,7,29,19,0,2,8
ART003001699,영어,Y,27,18,0,9,26,13,5,2,6
ART003002778,한국어,Y,36,23,0,13,6,4,0,1,1
ART003002804,영어,Y,56,4,0,52,36,20,7,1,8
ART003006528,영어,Y,82,44,0,38,53,34,1,1,17
ART003006900,영어,Y,38,26,0,12,18,12,4,0,2
ART003007990,한국어,Y,33,10,0,23,29,18,6,1,4
ART003007991,한국어,Y,19,18,0,1,17,11,3,0,3
ART003009104,한국어,Y,15,15,0,0,6,1,0,1,4
ART003011949,한국어,Y,13,7,0,6,1,0,0,0,1
ART003014350,영어,Y,46,23,0,23,35,23,3,0,9
ART003015002,한국어,Y,28,28,0,0,7,2,1,1,3
ART003017387,영어,Y,19,9,0,10,17,14,1,0,2
ART003017395,영어,Y,29,6,0,23,17,6,5,1,5
ART003017769,한국어,Y,21,21,0,0,17,6,4,0,7
ART003018302,영어,Y,14,11,0,3,11,2,7,1,1
ART003018920,영어,Y,32,9,0,23,26,16,0,2,8
ART003019005,영어,Y,21,5,0,16,16,5,5,0,6
ART003019058,영어,Y,28,21,0,7,23,16,0,2,5
ART003019988,한국어,Y,26,25,0,1,18,12,5,0,1
ART003020530,한국어,Y,10,10,0,0,4,2,0,2,0
ART003022439,한국어,Y,59,23,0,36,40,16,6,0,18
ART003023247,영어,Y,30,18,0,12,24,12,3,5,4
ART003023828,영어,Y,51,15,0,36,36,26,3,2,5
ART003026052,영어,Y,26,16,0,10,17,11,0,1,5
ART003026060,영어,Y,30,28,0,2,26,14,1,2,9
ART003026386,영어,Y,46,3,0,43,25,11,3,1,10
ART003026413,영어,Y,58,38,0,20,34,20,2,0,12
ART003026415,영어,Y,28,9,0,19,14,9,1,0,4
ART003027057,영어,Y,14,8,0,6,7,3,0,0,4
ART003027136,영어,Y,39,9,0,30,33,18,7,2,6
ART003030324,영어,Y,33,1,0,32,25,13,2,0,10
ART003030747,영어,Y,30,18,0,12,16,11,2,2,1
ART003031141,영어,Y,44,32,0,12,24,9,2,0,13
ART003031143,영어,Y,41,25,0,16,24,15,2,0,7
ART003031613,한국어,Y,48,37,0,11,29,18,2,0,9
ART003032024,영어,Y,59,41,0,18,41,31,2,1,7
ART003032575,영어,Y,28,16,0,12,19,15,0,1,3
ART003032755,영어,Y,37,11,0,26,25,14,6,1,4
ART003033214,영어,Y,37,24,0,13,26,19,2,1,4
ART003033223,영어,Y,34,0,0,34,25,9,7,2,7
ART003033297,영어,Y,29,14,0,15,13,13,0,0,0
ART003033511,영어,Y,78,57,0,21,65,47,2,3,13
ART003033587,영어,Y,33,31,0,2,30,14,10,1,5
ART003033839,영어,Y,40,8,0,32,31,23,5,0,3
ART003033928,한국어,Y,41,15,0,26,30,16,4,0,10
ART003034429,영어,Y,33,19,0,14,23,16,3,1,3
ART003036387,영어,Y,33,5,0,28,28,16,3,1,8
ART003036613,한국어,Y,26,7,0,19,19,7,10,0,2
ART003037108,중국어,Y,18,18,0,0,12,0,8,2,2
ART003039463,영어,Y,28,7,1,20,24,14,1,0,9
ART003041708,한국어,Y,42,31,0,11,33,18,7,0,8
ART003041823,한국어,Y,9,9,0,0,8,3,5,0,0
ART003041855,한국어,Y,39,32,0,7,29,9,10,3,7
ART003042317,영어,Y,24,9,0,15,13,4,1,0,8
ART003043066,한국어,Y,76,35,0,41,55,36,0,2,17
ART003043282,한국어,Y,23,21,0,2,13,6,5,0,2
ART003044280,한국어,Y,70,69,0,1,57,21,7,12,17
ART003047717,영어,Y,23,9,0,14,19,14,1,0,4
ART003048044,영어,Y,19,5,0,14,17,8,0,0,9
ART003049278,영어,Y,39,9,0,30,30,17,4,2,7
ART003049279,영어,Y,42,29,0,13,35,21,3,1,10
ART003050483,영어,Y,23,17,0,6,8,3,2,1,2
ART003050722,한국어,Y,36,6,0,30,25,12,0,1,12
ART003051221,영어,Y,31,21,0,10,28,15,4,2,7
ART003051460,한국어,Y,20,17,0,3,15,6,0,6,3
ART003051674,한국어,Y,11,7,0,4,10,5,1,1,3
ART003052608,영어,Y,42,38,0,4,29,23,0,3,3
ART003052801,영어,Y,50,10,0,40,39,17,15,1,6
ART003052812,영어,Y,27,18,0,9,15,8,2,0,5
ART003052835,한국어,Y,32,27,0,5,32,22,4,4,2
ART003052876,영어,Y,71,39,0,32,58,37,1,7,13
ART003052883,영어,Y,37,17,0,20,23,15,0,4,4
ART003052886,영어,Y,62,8,0,54,54,32,5,0,17
ART003052888,영어,Y,23,8,0,15,18,9,2,1,6
ART003053443,영어,Y,16,7,0,9,16,9,0,1,6
ART003053449,영어,Y,18,13,0,5,12,6,0,1,5
ART003053452,영어,Y,56,15,0,41,41,23,2,5,11
ART003055892,영어,Y,30,6,0,24,17,11,1,1,4
ART003056272,중국어,Y,26,25,0,1,25,3,17,3,2
ART003056294,영어,Y,31,5,0,26,29,14,7,0,8
ART003056492,영어,Y,34,19,0,15,29,18,4,3,4
ART003056621,영어,Y,14,12,0,2,13,7,0,2,4
ART003056681,영어,Y,25,10,0,15,21,9,5,3,4
ART003058114,한국어,Y,33,25,0,8,23,12,7,2,2
ART003058314,한국어,Y,23,14,0,9,18,8,8,0,2
ART003058768,한국어,Y,17,17,0,0,12,6,2,0,4
ART003059152,영어,Y,9,0,0,9,1,1,0,0,0
ART003059916,영어,Y,23,14,0,9,19,9,2,4,4
ART003059918,한국어,Y,40,11,0,29,35,17,9,1,8
ART003060320,영어,Y,32,15,0,17,17,11,0,1,5
ART003060709,영어,Y,24,12,0,12,15,7,0,4,4
ART003060739,영어,Y,32,9,0,23,24,16,2,2,4
ART003063355,영어,Y,39,20,0,19,32,16,4,6,6
ART003065177,영어,Y,60,37,0,23,48,26,1,3,18
ART003065271,영어,Y,55,38,0,17,43,29,1,2,11
ART003065710,영어,Y,59,43,0,16,45,37,4,0,4
ART003065717,영어,Y,33,18,0,15,23,16,3,1,3
ART003066181,한국어,Y,34,32,0,2,29,12,11,1,5
ART003066367,영어,Y,19,15,0,4,9,4,0,2,3
ART003066570,한국어,Y,13,9,0,4,7,1,4,0,2
ART003070033,영어,Y,20,9,0,11,18,10,4,1,3
ART003070390,한국어,Y,23,20,0,3,18,7,6,3,2
ART003071168,영어,Y,27,15,0,12,8,5,0,1,2
ART003072174,영어,Y,21,14,0,7,14,7,4,0,3
ART003072837,중국어,Y,16,14,0,2,6,1,0,1,4
ART003072865,한국어,Y,18,16,0,2,10,6,1,0,3
ART003073680,영어,Y,11,11,0,0,11,1,0,3,7
ART003074216,영어,Y,31,6,0,25,26,19,1,0,6
ART003074503,영어,Y,26,6,0,20,16,3,5,0,8
ART003075210,한국어,Y,26,16,0,10,16,9,1,2,4
ART003075350,영어,Y,14,12,0,2,14,3,9,1,1
ART003075467,영어,Y,11,4,0,7,11,4,0,2,5
ART003075931,한국어,Y,52,20,0,32,33,6,15,1,11
ART003076282,영어,Y,58,9,0,49,37,19,5,1,12
ART003077340,영어,Y,20,14,0,6,15,9,1,4,1
ART003078967,한국어,Y,29,25,0,4,27,13,4,5,5
ART003079089,영어,Y,46,15,0,31,41,19,9,2,11
ART003079993,한국어,Y,39,28,0,11,30,16,3,4,7
ART003080480,한국어,Y,21,15,0,6,11,1,5,1,4
ART003080537,영어,Y,37,26,0,11,26,16,2,1,7
ART003080655,중국어,Y,24,24,0,0,17,2,4,8,3
ART003083206,영어,Y,44,11,0,33,32,12,6,0,14
ART003083387,영어,Y,43,2,0,41,40,28,2,0,10
ART003083680,중국어,Y,18,14,0,4,18,0,13,2,3
ART003084458,영어,Y,48,18,0,30,41,2,32,0,7
ART003084525,한국어,Y,39,3,0,36,33,17,1,0,15
ART003084532,영어,Y,34,22,0,12,26,18,1,0,7
ART003084632,영어,Y,55,7,0,48,43,26,3,1,13
ART003084638,영어,Y,56,25,0,31,35,24,4,1,6
ART003084644,영어,Y,35,23,0,12,34,27,1,1,5
ART003085171,한국어,Y,30,25,0,5,15,3,8,1,3
ART003085305,한국어,Y,11,11,0,0,10,1,8,0,1
ART003085549,영어,Y,27,4,0,23,13,7,0,0,6
ART003086420,중국어,Y,16,9,6,1,4,0,0,3,1
ART003086592,영어,Y,57,4,0,53,41,25,11,0,5
ART003086913,영어,Y,40,20,0,20,35,24,2,1,8
ART003089979,영어,Y,24,16,0,8,23,7,1,0,15
ART003090032,영어,Y,17,6,0,11,6,3,2,0,1
ART003090035,영어,Y,14,11,0,3,12,9,1,2,0
ART003090041,영어,Y,23,15,0,8,20,7,9,3,1
ART003090664,영어,Y,11,11,0,0,11,3,1,1,6
ART003092054,영어,Y,37,21,0,16,34,21,6,1,6
ART003092596,한국어,Y,36,17,0,19,22,10,5,1,6
ART003093212,영어,Y,20,6,0,14,12,8,1,0,3
ART003093268,영어,Y,42,8,0,34,31,17,2,0,12
ART003093513,중국어,Y,21,20,0,1,14,4,1,7,2
ART003093545,영어,Y,21,2,0,19,15,4,1,0,10
ART003093629,영어,Y,33,7,0,26,25,16,1,0,8
ART003093635,한국어,Y,36,18,0,18,35,22,6,0,7
ART003093668,한국어,Y,29,10,0,19,23,4,8,0,11
ART003093860,영어,Y,24,6,0,18,17,12,2,0,3
ART003093960,영어,Y,21,12,0,9,20,14,1,1,4
ART003094277,영어,Y,25,13,0,12,20,7,0,0,13
ART003094620,영어,Y,16,11,0,5,12,11,1,0,0
ART003094645,한국어,Y,11,9,0,2,10,5,0,2,3
ART003095323,영어,Y,43,31,0,12,26,19,0,1,6
ART003095500,영어,Y,11,9,0,2,9,4,1,2,2
ART003095534,한국어,Y,28,28,0,0,15,7,1,2,5
ART003095804,한국어,Y,39,12,0,27,25,8,10,0,7
ART003096370,영어,Y,61,0,0,61,49,31,13,0,5
ART003097430,한국어,Y,36,32,0,4,24,11,8,1,4
ART003097719,영어,Y,21,12,0,9,19,11,2,0,6
ART003097763,영어,Y,56,36,0,20,36,22,3,0,11
ART003098573,한국어,Y,18,14,0,4,9,2,4,0,3
ART003104685,한국어,Y,33,12,0,21,24,5,0,0,19
ART003105101,중국어,Y,26,21,1,4,15,9,0,1,5
ART003105504,영어,Y,36,6,0,30,26,18,2,1,5
ART003105759,한국어,Y,20,8,0,12,15,6,3,1,5
ART003106493,중국어,Y,10,0,9,1,10,1,4,0,5
ART003106896,영어,Y,37,9,0,28,27,22,5,0,0
ART003107133,한국어,Y,34,21,0,13,20,13,3,0,4
ART003107277,영어,Y,32,0,0,32,20,7,7,0,6
ART003108764,영어,Y,32,2,0,30,24,11,1,0,12
ART003108802,영어,Y,30,18,0,12,26,13,2,0,11
ART003109001,중국어,Y,10,10,0,0,7,0,2,3,2
ART003111339,영어,Y,70,30,0,40,60,46,4,1,9
ART003111341,영어,Y,35,18,0,17,33,23,2,4,4
ART003111344,영어,Y,52,10,0,42,33,20,1,1,11
ART003111608,한국어,Y,18,11,0,7,10,6,1,1,2
ART003111653,영어,Y,32,2,0,30,24,13,7,0,4
ART003111674,영어,Y,38,1,0,37,27,17,2,0,8
ART003111683,영어,Y,34,21,0,13,25,21,0,2,2
ART003111689,영어,Y,18,13,0,5,15,13,1,0,1
ART003111818,영어,Y,25,7,0,18,24,13,9,0,2
ART003112145,중국어,Y,69,58,0,11,53,8,10,19,16
ART003112632,영어,Y,20,0,0,20,14,7,0,0,7
ART003112648,영어,Y,32,17,0,15,19,13,1,2,3
ART003113958,중국어,Y,16,11,5,0,14,2,5,1,6
ART003115440,한국어,Y,20,16,0,4,12,3,3,2,4
ART003116034,한국어,Y,32,31,0,1,21,7,10,1,3
ART003116507,한국어,Y,35,21,0,14,14,4,5,0,5
ART003116894,영어,Y,43,25,0,18,37,23,4,7,3
ART003119849,영어,Y,46,19,0,27,29,19,4,1,5
ART003119882,한국어,Y,50,42,0,8,45,29,7,3,6
ART003119999,영어,Y,51,4,0,47,40,28,2,0,10
ART003120542,영어,Y,65,15,0,50,36,17,3,0,16
ART003120546,한국어,Y,22,18,0,4,12,1,1,0,10
ART003120661,영어,Y,99,66,0,33,84,62,3,5,14
ART003120926,한국어,Y,30,14,0,16,23,14,4,1,4
ART003120927,한국어,Y,10,9,0,1,9,4,1,2,2
ART003120937,한국어,Y,44,17,0,27,38,17,10,2,9
ART003122054,한국어,Y,20,19,0,1,18,6,7,1,4
ART003123075,영어,Y,53,11,0,42,40,31,2,2,5
ART003123218,영어,Y,24,0,0,24,22,12,1,1,8
ART003123278,영어,Y,64,39,0,25,54,2,41,2,9
ART003123302,한국어,Y,36,33,0,3,32,20,1,3,8
ART003123466,영어,Y,57,4,0,53,34,10,10,1,13
ART003124054,영어,Y,37,13,0,24,36,24,1,5,6
ART003124137,한국어,Y,30,26,0,4,26,14,8,0,4
ART003124139,영어,Y,53,3,0,50,47,37,0,0,10
ART003124491,한국어,Y,25,17,0,8,16,4,2,2,8
ART003124639,한국어,Y,17,16,0,1,13,0,7,2,4
ART003124931,중국어,Y,9,9,0,0,6,2,1,1,2
ART003125280,중국어,Y,29,23,0,6,23,3,3,6,11
ART003126560,한국어,Y,21,19,0,2,12,2,3,0,7
ART003126595,영어,Y,51,15,0,36,40,24,9,0,7
ART003126596,영어,Y,22,17,0,5,10,1,2,1,6
ART003126598,영어,Y,29,15,0,14,17,7,0,4,6
ART003126825,한국어,Y,19,18,0,1,15,5,6,0,4
ART003128103,영어,Y,61,6,0,55,40,22,10,0,8
ART003128215,한국어,Y,35,29,0,6,20,11,5,0,4
ART003129183,한국어,Y,23,17,0,6,15,8,3,1,3
ART003129433,영어,Y,23,14,0,9,22,16,1,5,0
ART003129511,영어,Y,21,10,0,11,20,10,2,2,6
ART003130974,영어,Y,35,8,0,27,25,17,3,1,4
ART003132007,영어,Y,23,17,0,6,20,17,0,1,2
ART003132791,영어,Y,20,4,0,16,18,7,7,0,4
ART003134718,한국어,Y,29,25,0,4,20,13,4,1,2
ART003134719,영어,Y,23,2,0,21,18,8,0,1,9
ART003135471,영어,Y,26,12,0,14,15,12,0,0,3
ART003136358,한국어,Y,8,5,0,3,6,3,1,0,2
ART003139194,영어,Y,14,10,0,4,13,11,0,1,1
ART003139201,한국어,Y,38,20,0,18,17,5,9,1,2
ART003139681,영어,Y,13,7,0,6,10,5,1,2,2
ART003139683,중국어,Y,14,14,0,0,12,2,3,5,2
ART003139866,한국어,Y,13,7,0,6,9,3,0,4,2
ART003140050,영어,Y,13,11,0,2,12,9,0,1,2
ART003140169,영어,Y,27,5,0,22,15,2,4,0,9
ART003140256,영어,Y,27,17,0,10,23,11,3,1,8
ART003140382,영어,Y,69,44,0,25,58,42,2,1,13
ART003140391,영어,Y,24,7,0,17,20,8,11,1,0
ART003140405,한국어,Y,40,27,0,13,34,20,1,1,12
ART003140895,영어,Y,31,15,0,16,24,10,5,7,2
ART003140950,영어,Y,25,6,0,19,15,11,1,1,2
ART003141100,한국어,Y,29,24,0,5,7,3,4,0,0
ART003141152,중국어,Y,21,14,2,5,17,8,3,1,5
ART003141165,중국어,Y,10,5,2,3,10,1,0,2,7
ART003141568,한국어,Y,7,2,0,5,3,1,0,0,2
ART003141745,한국어,Y,29,25,0,4,14,7,1,1,5
ART003143003,영어,Y,11,0,0,11,11,7,1,0,3
ART003143402,한국어,Y,28,28,0,0,28,11,9,2,6
ART003144248,한국어,Y,25,19,0,6,20,8,7,1,4
ART003144802,한국어,Y,13,6,0,7,6,4,0,0,2
ART003146801,영어,Y,21,13,0,8,19,16,0,1,2
ART003147249,영어,Y,57,22,0,35,36,16,2,2,16
ART003147564,영어,Y,63,19,0,44,35,15,1,1,18
ART003147582,영어,Y,74,29,0,45,65,48,5,1,11
ART003147980,영어,Y,36,15,0,21,31,17,3,1,10
ART003148104,영어,Y,22,9,0,13,20,11,5,0,4
ART003148112,영어,Y,51,27,0,24,26,14,5,3,4
ART003149088,영어,Y,27,19,0,8,19,17,2,0,0
ART003149100,영어,Y,48,18,0,30,41,26,7,3,5
ART003149175,영어,Y,30,24,0,6,27,22,0,2,3
ART003149184,영어,Y,24,0,0,24,16,11,1,0,4
ART003149188,영어,Y,31,16,0,15,22,13,4,3,2
ART003149195,한국어,Y,30,23,0,7,27,12,4,2,9
ART003149480,한국어,Y,18,12,0,6,16,13,1,1,1
ART003152061,한국어,Y,53,4,0,49,45,29,0,0,16
ART003153395,한국어,Y,21,16,0,5,18,7,5,1,5
ART003153707,한국어,Y,34,3,0,31,29,19,1,1,8
ART003153739,영어,Y,38,11,0,27,25,12,11,0,2
ART003153949,영어,Y,29,1,0,28,22,13,4,0,5
ART003154138,영어,Y,28,0,0,28,23,15,5,0,3
ART003155569,영어,Y,27,23,0,4,26,7,11,2,6
ART003156031,영어,Y,23,0,0,23,17,12,1,0,4
ART003156219,한국어,Y,25,17,0,8,24,13,3,1,7
ART003156358,한국어,Y,7,7,0,0,6,2,2,0,2
ART003156475,영어,Y,55,2,0,53,48,20,16,0,12
ART003156477,영어,Y,26,6,0,20,13,7,0,0,6
ART003156511,영어,Y,37,6,0,31,17,10,1,1,5
ART003156749,영어,Y,25,12,0,13,19,13,2,1,3
ART003157004,한국어,Y,26,9,0,17,23,11,5,1,6
ART003157019,한국어,Y,16,16,0,0,15,3,7,0,5
ART003157039,한국어,Y,17,8,0,9,10,2,5,0,3
ART003157158,영어,Y,28,11,0,17,17,7,4,2,4
ART003157180,영어,Y,26,21,0,5,26,13,2,3,8
ART003157214,영어,Y,34,16,0,18,29,21,0,1,7
ART003159042,영어,Y,25,16,0,9,20,15,1,1,3
ART003160163,영어,Y,45,3,0,42,36,20,10,1,5
ART003161987,영어,Y,11,0,0,11,11,5,2,0,4
ART003162673,영어,Y,36,0,0,36,28,19,0,0,9
ART003163095,한국어,Y,34,16,0,18,29,12,3,1,13
ART003163099,영어,Y,33,20,0,13,29,19,1,4,5
ART003163978,한국어,Y,53,15,0,38,33,12,5,0,16
ART003165799,한국어,Y,27,24,0,3,23,11,7,1,4
ART003166320,영어,Y,39,1,0,38,31,20,4,0,7
ART003167866,한국어,Y,30,27,0,3,21,4,7,3,7
ART003168024,한국어,Y,37,30,0,7,26,8,9,1,8
ART003170168,영어,Y,11,3,0,8,4,1,0,0,3
ART003170967,한국어,Y,20,18,0,2,14,6,5,0,3
ART003171598,영어,Y,30,10,0,20,22,15,0,4,3
ART003171600,영어,Y,24,13,0,11,14,8,2,2,2
ART003171747,한국어,Y,19,10,0,9,16,4,7,1,4
ART003171753,한국어,Y,18,18,0,0,13,4,9,0,0
ART003172856,한국어,Y,17,17,0,0,10,7,0,1,2
ART003172859,한국어,Y,34,30,0,4,13,8,0,1,4
ART003172871,한국어,Y,19,5,0,14,18,11,2,0,5
ART003174083,한국어,Y,40,9,0,31,22,14,1,0,7
ART003174675,중국어,Y,29,20,8,1,24,3,11,1,9
ART003175053,영어,Y,49,32,0,17,37,19,11,0,7
ART003175218,한국어,Y,27,3,0,24,20,4,4,0,12
ART003175223,한국어,Y,16,11,0,5,12,8,3,0,1
ART003175240,한국어,Y,75,4,0,71,60,16,12,0,32
ART003175750,영어,Y,26,4,0,22,22,18,1,1,2
ART003175776,영어,Y,40,39,0,1,38,29,2,1,6
ART003175860,영어,Y,33,4,0,29,29,18,2,0,9
ART003176057,영어,Y,21,13,0,8,17,6,6,1,4
ART003176060,영어,Y,39,8,0,31,31,3,20,0,8
ART003176207,영어,Y,20,6,0,14,18,7,0,0,11
ART003176210,영어,Y,33,27,0,6,33,19,5,3,6
ART003176517,영어,Y,29,2,0,27,21,10,4,0,7
ART003176611,영어,Y,13,5,0,8,11,5,3,0,3
ART003176796,영어,Y,65,26,0,39,48,22,13,1,12
ART003176805,영어,Y,48,36,0,12,25,15,4,2,4
ART003176833,영어,Y,20,10,0,10,19,9,4,4,2
ART003177148,영어,Y,50,42,0,8,48,32,9,4,3
ART003177184,영어,Y,23,14,0,9,13,1,7,0,5
ART003177857,영어,Y,42,11,0,31,40,28,1,3,8
ART003178931,영어,Y,45,15,0,30,40,22,2,4,12
ART003179162,중국어,Y,21,0,21,0,11,0,6,0,5
ART003179171,영어,Y,23,17,0,6,18,10,1,2,5
ART003179211,한국어,Y,19,17,0,2,19,6,5,1,7
ART003179893,중국어,Y,11,5,1,5,9,4,1,1,3
ART003180044,영어,Y,13,3,0,10,13,4,0,0,9
ART003180078,중국어,Y,9,8,0,1,5,1,0,0,4
ART003181016,영어,Y,55,10,0,45,49,34,3,0,12
ART003181314,한국어,Y,16,9,0,7,14,6,2,1,5
ART003181896,영어,Y,27,1,0,26,21,15,1,0,5
ART003181952,한국어,Y,37,22,0,15,34,21,9,1,3
ART003184118,중국어,Y,24,2,22,0,23,2,1,0,20
ART003186194,영어,Y,45,23,0,22,27,17,3,1,6
ART003186196,영어,Y,31,12,0,19,26,19,2,1,4
ART003186643,한국어,Y,48,23,0,25,42,27,2,1,12
ART003186646,한국어,Y,33,16,0,17,24,16,0,1,7
ART003186833,중국어,Y,25,17,0,8,23,4,12,0,7
ART003186972,영어,Y,65,6,0,59,58,26,2,0,30
ART003187009,한국어,Y,26,14,0,12,21,9,8,1,3
ART003187805,한국어,Y,36,33,0,3,28,11,10,3,4
ART003187811,한국어,Y,41,31,0,10,24,16,4,1,3
ART003187824,영어,Y,17,4,0,13,6,1,3,0,2
ART003187966,중국어,Y,37,25,0,12,30,13,3,5,9
ART003188060,영어,Y,36,1,0,35,32,23,5,0,4
ART003188852,한국어,Y,28,24,0,4,27,13,8,1,5
ART003189548,영어,Y,52,6,0,46,43,28,0,0,15
ART003189929,영어,Y,60,12,0,48,49,31,5,3,10
ART003189931,영어,Y,34,20,0,14,34,15,3,5,11
ART003189936,영어,Y,35,15,0,20,27,21,3,1,2
ART003189964,영어,Y,24,21,0,3,18,12,1,0,5
ART003190126,한국어,Y,52,35,0,17,36,17,12,1,6
ART003190722,한국어,Y,56,29,0,27,37,19,11,2,5
ART003192474,한국어,Y,16,14,0,2,13,4,2,0,7
ART003193107,한국어,Y,17,16,0,1,13,1,8,2,2
ART003193189,한국어,Y,35,23,0,12,28,18,3,2,5
ART003193998,영어,Y,50,46,0,4,36,26,0,1,9
ART003194040,한국어,Y,45,30,0,15,35,17,10,0,8
ART003194120,한국어,Y,27,27,0,0,24,13,1,5,5
ART003194123,한국어,Y,25,4,0,21,22,14,1,0,7
ART003194159,영어,Y,21,14,0,7,8,7,0,0,1
ART003194684,한국어,Y,12,12,0,0,10,3,4,1,2
ART003194860,영어,Y,24,5,0,19,16,10,2,1,3
ART003195730,영어,Y,42,2,0,40,24,21,0,0,3
ART003196236,영어,Y,28,6,0,22,24,17,3,0,4
ART003197469,영어,Y,30,5,1,24,20,12,1,1,6
ART003197486,영어,Y,26,12,0,14,20,12,1,1,6
ART003197674,한국어,Y,13,9,0,4,10,2,2,0,6
ART003197711,영어,Y,39,28,0,11,33,21,2,2,8
ART003198257,한국어,Y,26,10,0,16,21,9,5,1,6
ART003198774,한국어,Y,57,10,0,47,49,10,3,0,36
ART003198813,한국어,Y,12,7,0,5,11,2,6,2,1
ART003199107,영어,Y,18,7,0,11,7,4,0,2,1
ART003200152,영어,Y,48,9,0,39,37,18,5,0,14
ART003200154,영어,Y,56,17,0,39,43,18,12,3,10
ART003200579,영어,Y,13,1,0,12,7,0,0,1,6
ART003200839,한국어,Y,22,21,0,1,17,6,5,2,4
ART003200901,영어,Y,19,0,0,19,14,10,2,0,2
ART003201263,영어,Y,22,1,0,21,18,13,0,0,5
ART003201269,영어,Y,38,1,0,37,37,25,1,0,11
ART003201430,중국어,Y,20,11,5,4,6,0,0,3,3
ART003202000,영어,Y,93,53,0,40,74,38,5,1,30
ART003202020,영어,Y,45,6,0,39,39,30,3,1,5
ART003202023,영어,Y,30,19,0,11,29,16,4,2,7
ART003202130,한국어,Y,57,40,0,17,55,46,3,3,3
ART003202236,한국어,Y,19,15,0,4,16,5,5,0,6
ART003202530,영어,Y,23,2,1,20,17,10,2,0,5
ART003203400,중국어,Y,20,5,0,15,8,4,0,0,4
ART003205168,한국어,Y,87,55,0,32,70,33,7,3,27
ART003205731,영어,Y,29,4,0,25,24,15,7,0,2
ART003205979,영어,Y,36,17,0,19,31,11,1,2,17
ART003206064,영어,Y,57,41,0,16,55,4,37,4,10
ART003206180,영어,Y,22,16,0,6,19,13,1,0,5
ART003206198,영어,Y,43,1,0,42,35,30,2,0,3
ART003206369,영어,Y,42,32,0,10,30,19,1,5,5
ART003206560,한국어,Y,19,18,0,1,17,5,4,1,7
ART003206659,한국어,Y,28,27,0,1,18,6,7,1,4
ART003206786,영어,Y,19,9,0,10,17,14,0,1,2
ART003207012,영어,Y,35,23,0,12,33,25,1,2,5
ART003207133,한국어,Y,21,17,0,4,15,9,6,0,0
ART003207157,영어,Y,28,4,0,24,22,10,1,3,8
ART003207284,영어,Y,18,3,0,15,16,12,0,0,4
ART003207566,한국어,Y,24,19,0,5,16,6,3,2,5
ART003207828,한국어,Y,29,16,0,13,21,8,8,1,4
ART003209126,영어,Y,16,4,0,12,14,9,0,0,5
ART003210084,한국어,Y,47,31,0,16,29,15,7,0,7
ART003211259,영어,Y,57,20,0,37,55,35,2,1,17
ART003211347,영어,Y,56,20,0,36,46,30,5,1,10
ART003213281,영어,Y,14,0,0,14,9,7,1,0,1
ART003213290,영어,Y,28,20,0,8,24,9,12,1,2
ART003213466,한국어,Y,8,6,0,2,8,5,1,1,1
ART003213724,중국어,Y,9,8,1,0,8,2,4,0,2
ART003213969,영어,Y,45,12,0,33,40,24,3,1,12
ART003214059,영어,Y,26,2,0,24,16,4,2,1,9
ART003214278,한국어,Y,38,17,0,21,26,13,5,4,4
ART003214550,한국어,Y,19,19,0,0,16,3,9,1,3
ART003214720,한국어,Y,15,15,0,0,11,5,6,0,0
ART003215164,영어,Y,25,15,0,10,18,9,5,1,3
ART003215400,한국어,Y,20,6,0,14,15,4,1,0,10
ART003215534,영어,Y,18,0,0,18,10,6,0,0,4
ART003215584,영어,Y,29,8,0,21,26,10,10,1,5
ART003215676,한국어,Y,10,10,0,0,6,3,1,0,2
ART003215976,영어,Y,20,9,0,11,20,6,0,0,14
ART003216552,영어,Y,43,30,0,13,38,30,0,2,6
ART003217130,중국어,Y,19,0,16,3,13,0,8,0,5
ART003217272,영어,Y,28,5,0,23,13,7,4,1,1
ART003217453,한국어,Y,36,31,0,5,33,22,2,3,6
ART003217481,영어,Y,24,1,0,23,22,11,4,0,7
ART003217493,영어,Y,21,0,0,21,14,9,3,1,1
ART003217555,영어,Y,23,5,0,18,19,6,0,1,12
ART003217663,영어,Y,27,17,0,10,24,18,0,1,5
ART003217929,영어,Y,46,20,0,26,34,14,3,0,17
ART003218048,한국어,Y,36,12,0,24,26,17,3,2,4
ART003218206,영어,Y,47,30,0,17,39,24,3,4,8
ART003218247,한국어,Y,21,10,0,11,16,10,0,1,5
ART003218672,영어,Y,25,5,0,20,19,17,2,0,0
ART003218701,영어,Y,17,0,0,17,14,8,2,0,4
ART003218722,영어,Y,24,3,0,21,15,4,6,0,5
ART003218782,영어,Y,35,1,0,34,25,16,6,0,3
ART003218860,영어,Y,29,19,0,10,26,12,5,3,6
ART003218899,영어,Y,42,39,0,3,26,20,1,0,5
ART003218988,영어,Y,47,21,0,26,31,20,6,0,5
ART003219251,한국어,Y,47,35,0,12,34,19,6,0,9
ART003220098,중국어,Y,41,12,0,29,19,4,2,0,13
ART003221156,한국어,Y,33,20,0,13,27,12,7,2,6
ART003221158,한국어,Y,38,14,0,24,27,13,5,0,9
ART003221250,영어,Y,24,10,0,14,21,10,3,4,4
ART003221834,영어,Y,17,12,0,5,16,9,3,1,3
ART003221898,한국어,Y,20,6,0,14,16,9,5,0,2
ART003222614,영어,Y,16,10,0,6,15,2,0,0,13
ART003223500,영어,Y,26,25,0,1,22,11,2,5,4
ART003223662,영어,Y,36,11,0,25,29,20,1,3,5
ART003224098,한국어,Y,21,19,0,2,21,15,3,0,3
ART003224122,한국어,Y,23,21,0,2,16,6,10,0,0
ART003224517,영어,Y,52,14,0,38,36,31,0,0,5
ART003224916,영어,Y,48,26,0,22,44,30,6,1,7
ART003225418,한국어,Y,25,25,0,0,22,4,14,0,4
ART003225697,영어,Y,22,14,0,8,18,10,5,2,1
ART003229489,한국어,Y,11,6,0,5,11,8,0,2,1
ART003231139,한국어,Y,43,38,0,5,39,13,12,1,13
ART003231703,한국어,Y,24,12,0,12,19,13,1,0,5
ART003232096,영어,Y,23,1,0,22,22,12,4,0,6
ART003232523,영어,Y,29,0,0,29,18,9,5,0,4
ART003233007,영어,Y,67,45,0,22,61,47,5,0,9
ART003233798,한국어,Y,21,21,0,0,15,8,3,2,2
ART003235106,중국어,Y,22,7,15,0,20,0,1,2,17
ART003235294,영어,Y,24,5,0,19,20,17,2,0,1
ART003235309,영어,Y,25,14,0,11,24,17,1,5,1
ART003235315,영어,Y,63,32,0,31,49,29,6,5,9
ART003235572,한국어,Y,10,8,0,2,6,2,2,0,2
ART003235689,영어,Y,60,27,0,33,42,11,1,0,30
ART003235709,한국어,Y,51,24,0,27,40,31,3,0,6
ART003235903,한국어,Y,26,25,0,1,22,16,2,1,3
ART003235927,한국어,Y,27,21,0,6,20,8,7,0,5
ART003236408,영어,Y,41,4,0,37,40,30,6,0,4
ART003236435,한국어,Y,33,21,0,12,22,6,12,0,4
ART003236436,영어,Y,13,13,0,0,11,6,1,2,2
ART003236501,영어,Y,29,4,0,25,23,14,0,0,9
ART003236581,영어,Y,21,5,0,16,18,10,0,2,6
ART003236966,영어,Y,17,3,0,14,10,6,0,0,4
ART003237040,영어,Y,18,1,0,17,14,13,0,1,0
ART003237313,영어,Y,25,4,0,21,23,12,0,1,10
ART003237364,영어,Y,50,10,0,40,38,19,4,0,15
ART003237374,영어,Y,46,4,0,42,42,30,1,1,10
ART003237377,영어,Y,39,30,0,9,34,18,1,1,14
ART003237392,영어,Y,46,21,0,25,36,18,8,2,8
ART003237438,한국어,Y,10,10,0,0,8,2,3,0,3
ART003237678,영어,Y,14,14,0,0,14,5,0,5,4
ART003237685,영어,Y,38,30,0,8,34,12,2,8,12
ART003237692,영어,Y,34,25,0,9,32,19,0,3,10
ART003237714,중국어,Y,25,15,10,0,15,6,2,3,4
ART003238438,영어,Y,31,7,0,24,26,9,1,1,15
ART003238637,영어,Y,36,7,0,29,24,13,2,0,9
ART003239059,중국어,Y,24,3,19,2,13,0,4,1,8
ART003240052,영어,Y,26,3,0,23,23,14,1,1,7
ART003240058,한국어,Y,19,12,0,7,15,7,1,2,5
ART003242547,영어,Y,41,8,0,33,26,12,12,0,2
ART003242598,영어,Y,36,20,0,16,29,21,1,2,5
ART003242677,영어,Y,37,0,0,37,29,21,3,0,5
ART003246108,영어,Y,32,7,0,25,30,20,2,0,8
ART003246258,한국어,Y,54,18,0,36,41,11,21,1,8
ART003246367,중국어,Y,18,13,3,2,6,0,0,4,2
ART003246472,영어,Y,60,16,0,44,57,35,0,1,21
ART003246862,중국어,Y,20,9,1,10,11,3,2,0,6
ART003246933,한국어,Y,55,41,0,14,36,11,12,4,9
ART003247878,중국어,Y,25,19,1,5,11,3,2,0,6
ART003248713,영어,Y,38,22,0,16,31,21,1,2,7
ART003248735,영어,Y,31,0,0,31,30,14,3,1,12
ART003248849,한국어,Y,37,0,2,35,30,10,0,0,20
ART003248908,한국어,Y,30,10,13,7,21,0,6,2,13
ART003248931,한국어,Y,34,23,0,11,32,16,2,2,12
ART003249101,영어,Y,38,30,0,8,33,24,1,3,5
ART003249450,중국어,Y,23,7,7,9,16,10,3,0,3
ART003250361,영어,Y,22,10,0,12,11,8,0,1,2
ART003250591,한국어,Y,43,9,0,34,25,16,1,0,8
ART003250594,한국어,Y,43,5,0,38,29,13,8,0,8
ART003250613,영어,Y,23,4,0,19,17,11,3,0,3
ART003250784,영어,Y,75,61,0,14,72,48,2,7,15
ART003250788,영어,Y,25,2,0,23,19,15,1,0,3
ART003251255,영어,Y,30,11,0,19,26,14,1,2,9
ART003251432,한국어,Y,7,7,0,0,7,2,0,2,3
ART003251437,한국어,Y,25,7,0,18,17,8,3,0,6
ART003252500,한국어,Y,26,16,0,10,15,11,2,0,2
ART003252520,한국어,Y,62,38,0,24,46,17,18,1,10
ART003252526,영어,Y,33,29,0,4,16,14,1,0,1
ART003253030,한국어,Y,20,20,0,0,12,3,2,1,6
ART003253327,한국어,Y,38,14,0,24,31,18,5,1,7
ART003253339,영어,Y,25,5,0,20,20,13,3,1,3
ART003253389,한국어,Y,21,13,0,8,20,13,4,1,2
ART003253390,한국어,Y,36,12,12,12,33,7,8,2,16
ART003253415,영어,Y,18,0,0,18,12,2,2,0,8
ART003254116,영어,Y,34,10,0,24,22,12,3,2,5
ART003254396,한국어,Y,49,22,0,27,43,28,2,0,13
ART003254402,한국어,Y,31,11,0,20,19,3,7,3,6
ART003254925,한국어,Y,33,12,0,21,22,7,10,0,5
ART003256148,영어,Y,24,3,0,21,17,15,1,0,1
ART003256961,영어,Y,13,10,0,3,9,8,0,1,0
ART003259081,영어,Y,26,9,0,17,19,10,0,0,9
ART003259082,한국어,Y,27,23,0,4,20,8,0,1,11
ART003259695,한국어,Y,95,9,0,86,57,27,3,0,27
ART003259701,영어,Y,38,3,0,35,34,23,2,0,9
ART003260412,한국어,Y,9,5,0,4,6,2,2,0,2
ART003260426,영어,Y,30,14,0,16,28,14,2,2,10
ART003260513,중국어,Y,13,4,9,0,8,0,1,0,7
ART003260952,영어,Y,40,6,0,34,22,7,3,0,12
ART003261619,영어,Y,13,1,0,12,9,5,2,0,2
ART003262371,영어,Y,22,11,0,11,20,8,6,2,4
ART003264100,한국어,Y,44,40,0,4,35,20,8,1,6
ART003266375,영어,Y,9,1,0,8,9,5,1,2,1
ART003267174,한국어,Y,23,21,0,2,21,13,5,2,1
ART003267358,영어,Y,18,0,6,12,16,5,0,0,11
ART003267502,영어,Y,40,16,0,24,35,22,6,1,6
ART003267569,한국어,Y,57,43,0,14,51,37,3,6,5
ART003267788,영어,Y,68,3,0,65,25,17,0,0,8
ART003268101,한국어,Y,95,11,0,84,59,27,2,0,30
ART003268241,한국어,Y,17,14,0,3,12,6,1,1,4
ART003268704,한국어,Y,27,25,0,2,21,4,8,3,6
ART003269060,중국어,Y,22,2,16,4,17,3,2,0,12
ART003269069,영어,Y,49,13,0,36,37,23,3,0,11
ART003269076,한국어,Y,41,13,0,28,23,6,9,0,8
ART003269318,한국어,Y,15,4,0,11,11,3,0,0,8
ART003269727,한국어,Y,23,13,0,10,7,3,3,0,1
ART003269737,한국어,Y,18,18,0,0,15,9,3,1,2
ART003269939,한국어,Y,25,10,0,15,17,6,4,0,7
ART003269947,영어,Y,13,3,0,10,10,9,0,1,0
ART003272836,영어,Y,22,15,0,7,20,1,17,0,2
ART003272870,한국어,Y,24,22,0,2,18,10,1,1,6
ART003272886,한국어,Y,12,7,0,5,11,8,2,0,1
ART003273023,한국어,Y,20,19,0,1,13,6,0,1,6
ART003273535,영어,Y,29,3,0,26,14,14,0,0,0
ART003274734,영어,Y,36,5,0,31,28,15,2,0,11
ART003274738,영어,Y,46,18,0,28,42,23,5,1,13
ART003274865,영어,Y,26,5,0,21,13,10,2,0,1
ART003275402,영어,Y,38,26,0,12,36,19,4,3,10
ART003275843,한국어,N,0,0,0,0,0,0,0,0,0
ART003275847,한국어,N,0,0,0,0,0,0,0,0,0
ART003275848,영어,N,0,0,0,0,0,0,0,0,0
ART003275849,한국어,N,0,0,0,0,0,0,0,0,0
ART003276256,영어,Y,58,4,0,54,52,25,4,1,22
ART003276665,영어,Y,15,4,0,11,6,3,0,1,2
ART003278172,한국어,Y,12,3,0,9,4,3,0,0,1
ART003278877,영어,Y,39,7,0,32,17,9,1,0,7
ART003278902,영어,Y,41,6,0,35,37,25,1,0,11
ART003278967,영어,Y,24,4,0,20,17,14,0,0,3
ART003279243,영어,Y,64,11,0,53,58,46,2,0,10
ART003279679,영어,Y,15,9,0,6,12,6,4,1,1
ART003279836,영어,Y,12,3,0,9,10,7,0,1,2
ART003280202,한국어,Y,18,11,0,7,15,5,6,1,3
ART003280805,영어,Y,13,11,0,2,13,7,1,0,5
ART003280855,영어,Y,26,3,0,23,20,12,4,0,4
ART003280870,영어,Y,17,8,0,9,15,11,2,0,2
ART003280912,영어,Y,22,4,0,18,14,10,1,0,3
ART003281320,영어,Y,24,12,0,12,17,0,12,0,5
ART003281729,영어,Y,67,36,0,31,52,26,2,0,24
ART003281767,영어,Y,36,32,0,4,32,2,1,0,29
ART003281838,영어,Y,98,0,0,98,91,65,6,0,20
ART003281914,한국어,Y,54,30,0,24,27,6,14,2,5
ART003282261,영어,Y,49,3,0,46,36,22,3,0,11
ART003282267,영어,Y,50,4,0,46,46,28,7,1,10
ART003282276,한국어,Y,21,12,0,9,13,8,1,2,2
ART003282349,영어,Y,41,8,0,33,24,12,2,0,10
ART003282359,한국어,Y,32,29,0,3,20,15,0,2,3
ART003282360,영어,Y,44,4,0,40,34,23,2,0,9
ART003282372,영어,Y,28,1,0,27,13,3,2,0,8
ART003282988,영어,Y,32,5,0,27,24,17,1,0,6
ART003283129,영어,Y,11,0,0,11,9,5,0,0,4
ART003283156,영어,Y,14,8,0,6,9,2,5,0,2
ART003283159,영어,Y,32,0,0,32,30,21,3,0,6
ART003283201,영어,Y,26,10,0,16,18,12,3,1,2
ART003283778,영어,Y,52,19,0,33,46,31,4,1,10
ART003283814,영어,Y,31,13,0,18,23,17,2,1,3
ART003283835,영어,Y,43,13,0,30,33,21,2,1,9
ART003283845,영어,Y,58,23,0,35,50,23,7,2,18
ART003284059,영어,Y,36,22,0,14,31,24,0,0,7
ART003284145,영어,Y,24,4,0,20,14,6,4,0,4
ART003284180,영어,Y,54,0,0,54,52,32,0,0,20
ART003284182,영어,Y,75,13,0,62,67,50,3,4,10
ART003284426,영어,Y,31,0,0,31,23,15,3,0,5
ART003284464,영어,Y,33,13,0,20,29,21,2,1,5
ART003284865,한국어,Y,18,7,0,11,15,6,3,0,6
ART003285292,영어,Y,29,13,0,16,28,18,0,1,9
ART003285517,영어,Y,47,26,0,21,43,29,3,2,9
ART003285700,영어,Y,31,0,0,31,25,6,15,0,4
ART003285796,영어,Y,13,4,0,9,11,7,2,0,2
ART003285869,영어,Y,46,1,0,45,26,14,3,0,9
ART003286158,영어,Y,47,26,0,21,42,26,3,3,10
ART003286259,한국어,Y,26,10,0,16,25,15,0,2,8
ART003286313,한국어,Y,18,18,0,0,18,10,5,0,3
ART003286438,영어,Y,36,15,0,21,25,11,3,6,5
ART003286477,영어,Y,32,4,0,28,24,23,0,1,0
ART003286964,한국어,Y,23,2,0,21,16,6,8,0,2
ART003287743,영어,Y,17,13,0,4,17,10,2,1,4
ART003289283,영어,Y,60,25,0,35,54,42,2,3,7
ART003289501,중국어,Y,41,0,30,11,25,3,18,0,4
ART003289679,한국어,Y,17,15,0,2,12,7,4,0,1
ART003289734,한국어,Y,15,10,0,5,13,9,1,1,2
ART003290209,한국어,Y,22,10,0,12,19,13,2,1,3
ART003290330,한국어,Y,19,13,0,6,9,2,4,1,2
ART003291148,한국어,Y,45,34,0,11,28,1,17,3,7
ART003292010,영어,Y,46,10,0,36,33,24,3,0,6
ART003292012,영어,Y,36,14,0,22,34,21,2,4,7
ART003292237,영어,Y,10,1,0,9,4,2,1,0,1
ART003292262,중국어,Y,30,0,1,29,21,10,6,0,5
ART003293927,한국어,Y,15,13,0,2,14,8,2,3,1
ART003294258,한국어,Y,16,13,0,3,9,8,0,0,1
ART003294265,한국어,Y,15,10,0,5,7,4,2,0,1
ART003295349,한국어,Y,37,22,0,15,32,15,3,1,13
ART003295393,한국어,Y,55,32,0,23,48,13,21,3,11
ART003295432,한국어,Y,27,17,0,10,20,9,4,1,6
ART003295441,한국어,Y,41,33,0,8,39,32,4,0,3
ART003295775,한국어,Y,29,29,0,0,23,20,0,1,2
ART003296612,한국어,Y,19,13,0,6,12,7,2,0,3
ART003300805,한국어,N,0,0,0,0,0,0,0,0,0
ART003301049,중국어,N,0,0,0,0,0,0,0,0,0
ART003301432,영어,N,0,0,0,0,0,0,0,0,0
ART003302429,영어,N,0,0,0,0,0,0,0,0,0
ART003302624,영어,N,0,0,0,0,0,0,0,0,0
ART003302835,영어,N,0,0,0,0,0,0,0,0,0
ART003303265,한국어,N,0,0,0,0,0,0,0,0,0
ART003304454,영어,N,0,0,0,0,0,0,0,0,0
ART003304455,영어,N,0,0,0,0,0,0,0,0,0
ART003304457,영어,N,0,0,0,0,0,0,0,0,0
ART003304458,영어,N,0,0,0,0,0,0,0,0,0
ART003305398,영어,N,0,0,0,0,0,0,0,0,0
ART003305487,한국어,N,0,0,0,0,0,0,0,0,0
ART003305494,한국어,N,0,0,0,0,0,0,0,0,0
ART003306708,영어,N,0,0,0,0,0,0,0,0,0
ART003306721,한국어,N,0,0,0,0,0,0,0,0,0
ART003306957,한국어,N,0,0,0,0,0,0,0,0,0
ART003307174,영어,N,0,0,0,0,0,0,0,0,0
ART003307262,영어,N,0,0,0,0,0,0,0,0,0
ART003307332,영어,N,0,0,0,0,0,0,0,0,0
ART003307361,영어,N,0,0,0,0,0,0,0,0,0
ART003307375,영어,N,0,0,0,0,0,0,0,0,0
ART003307433,영어,N,0,0,0,0,0,0,0,0,0
ART003307514,한국어,N,0,0,0,0,0,0,0,0,0
ART003307706,한국어,N,0,0,0,0,0,0,0,0,0
ART003307765,영어,N,0,0,0,0,0,0,0,0,0
ART003308144,영어,N,0,0,0,0,0,0,0,0,0
ART003308185,한국어,N,0,0,0,0,0,0,0,0,0
ART003308227,한국어,N,0,0,0,0,0,0,0,0,0
ART003308356,한국어,N,0,0,0,0,0,0,0,0,0
ART003308556,한국어,N,0,0,0,0,0,0,0,0,0
ART003308675,영어,N,0,0,0,0,0,0,0,0,0
ART003309237,한국어,N,0,0,0,0,0,0,0,0,0
ART003309263,영어,N,0,0,0,0,0,0,0,0,0
ART003309531,영어,N,0,0,0,0,0,0,0,0,0
ART003309546,영어,N,0,0,0,0,0,0,0,0,0
ART003309944,영어,N,0,0,0,0,0,0,0,0,0
ART003310680,영어,N,0,0,0,0,0,0,0,0,0
ART003310701,영어,N,0,0,0,0,0,0,0,0,0
ART003310967,영어,N,0,0,0,0,0,0,0,0,0
ART003310969,영어,N,0,0,0,0,0,0,0,0,0
ART003310976,한국어,N,0,0,0,0,0,0,0,0,0
ART003311201,한국어,N,0,0,0,0,0,0,0,0,0
ART003312767,중국어,N,0,0,0,0,0,0,0,0,0
ART003312841,영어,N,0,0,0,0,0,0,0,0,0
ART003312886,영어,N,0,0,0,0,0,0,0,0,0
ART003313343,한국어,N,0,0,0,0,0,0,0,0,0
ART003313363,한국어,N,0,0,0,0,0,0,0,0,0
ART003313924,한국어,N,0,0,0,0,0,0,0,0,0
ART003315832,한국어,N,0,0,0,0,0,0,0,0,0
ART003317697,영어,N,0,0,0,0,0,0,0,0,0
ART003317730,영어,N,0,0,0,0,0,0,0,0,0
ART003317908,중국어,N,0,0,0,0,0,0,0,0,0
ART003318207,영어,N,0,0,0,0,0,0,0,0,0
ART003318220,영어,N,0,0,0,0,0,0,0,0,0
ART003318378,한국어,N,0,0,0,0,0,0,0,0,0
ART003318387,한국어,N,0,0,0,0,0,0,0,0,0
ART003318460,영어,N,0,0,0,0,0,0,0,0,0
ART003318510,영어,N,0,0,0,0,0,0,0,0,0
ART003318555,영어,N,0,0,0,0,0,0,0,0,0
ART003318557,영어,N,0,0,0,0,0,0,0,0,0
ART003318563,영어,N,0,0,0,0,0,0,0,0,0
ART003318671,영어,N,0,0,0,0,0,0,0,0,0
ART003318674,한국어,N,0,0,0,0,0,0,0,0,0
ART003319866,영어,N,0,0,0,0,0,0,0,0,0
ART003320177,중국어,N,0,0,0,0,0,0,0,0,0
ART003320336,영어,N,0,0,0,0,0,0,0,0,0
ART003320399,영어,N,0,0,0,0,0,0,0,0,0
ART003321210,영어,N,0,0,0,0,0,0,0,0,0
ART003321223,영어,N,0,0,0,0,0,0,0,0,0
ART003321236,한국어,N,0,0,0,0,0,0,0,0,0
ART003321243,한국어,N,0,0,0,0,0,0,0,0,0
ART003321247,한국어,N,0,0,0,0,0,0,0,0,0
ART003321822,영어,N,0,0,0,0,0,0,0,0,0
ART003321962,한국어,N,0,0,0,0,0,0,0,0,0
ART003322041,영어,N,0,0,0,0,0,0,0,0,0
ART003322050,영어,N,0,0,0,0,0,0,0,0,0
ART003322059,한국어,N,0,0,0,0,0,0,0,0,0
ART003322288,영어,N,0,0,0,0,0,0,0,0,0
ART003322291,영어,N,0,0,0,0,0,0,0,0,0
ART003323779,한국어,N,0,0,0,0,0,0,0,0,0
ART003324359,중국어,N,0,0,0,0,0,0,0,0,0
ART003325012,한국어,N,0,0,0,0,0,0,0,0,0
ART003325356,한국어,N,0,0,0,0,0,0,0,0,0
ART003325386,한국어,N,0,0,0,0,0,0,0,0,0
ART003325473,영어,N,0,0,0,0,0,0,0,0,0
ART003325537,한국어,N,0,0,0,0,0,0,0,0,0
ART003325538,한국어,N,0,0,0,0,0,0,0,0,0
ART003326284,한국어,N,0,0,0,0,0,0,0,0,0
ART003326290,한국어,N,0,0,0,0,0,0,0,0,0
ART003326797,영어,N,0,0,0,0,0,0,0,0,0
ART003326799,영어,N,0,0,0,0,0,0,0,0,0
ART003327014,중국어,N,0,0,0,0,0,0,0,0,0
ART003327781,영어,N,0,0,0,0,0,0,0,0,0
ART003328309,중국어,N,0,0,0,0,0,0,0,0,0
ART003328572,중국어,N,0,0,0,0,0,0,0,0,0
ART003329111,영어,N,0,0,0,0,0,0,0,0,0
ART003329135,영어,N,0,0,0,0,0,0,0,0,0
ART003329187,영어,N,0,0,0,0,0,0,0,0,0
ART003329188,영어,N,0,0,0,0,0,0,0,0,0
ART003329190,영어,N,0,0,0,0,0,0,0,0,0
ART003329310,영어,N,0,0,0,0,0,0,0,0,0
ART003329543,영어,N,0,0,0,0,0,0,0,0,0
ART003330004,중국어,N,0,0,0,0,0,0,0,0,0
ART003330129,한국어,N,0,0,0,0,0,0,0,0,0
ART003330419,한국어,N,0,0,0,0,0,0,0,0,0
ART003330422,한국어,N,0,0,0,0,0,0,0,0,0
ART003330529,한국어,N,0,0,0,0,0,0,0,0,0
ART003331144,영어,N,0,0,0,0,0,0,0,0,0
ART003331175,한국어,N,0,0,0,0,0,0,0,0,0
ART003331312,영어,N,0,0,0,0,0,0,0,0,0
ART003331456,한국어,N,0,0,0,0,0,0,0,0,0
ART003331996,한국어,N,0,0,0,0,0,0,0,0,0
ART003332113,한국어,N,0,0,0,0,0,0,0,0,0
ART003332127,영어,N,0,0,0,0,0,0,0,0,0
ART003332511,한국어,N,0,0,0,0,0,0,0,0,0
ART003332754,영어,N,0,0,0,0,0,0,0,0,0
ART003332942,영어,N,0,0,0,0,0,0,0,0,0
ART003333238,한국어,N,0,0,0,0,0,0,0,0,0
ART003333658,영어,N,0,0,0,0,0,0,0,0,0
ART003333729,영어,N,0,0,0,0,0,0,0,0,0
ART003333731,한국어,N,0,0,0,0,0,0,0,0,0
ART003335094,영어,N,0,0,0,0,0,0,0,0,0
ART003335097,한국어,N,0,0,0,0,0,0,0,0,0
ART003335483,한국어,N,0,0,0,0,0,0,0,0,0
ART003336941,한국어,N,0,0,0,0,0,0,0,0,0
ART003337210,한국어,N,0,0,0,0,0,0,0,0,0
ART003337491,한국어,N,0,0,0,0,0,0,0,0,0
ART003339598,영어,N,0,0,0,0,0,0,0,0,0
ART003339600,영어,N,0,0,0,0,0,0,0,0,0
ART003339856,한국어,N,0,0,0,0,0,0,0,0,0
ART003339955,한국어,N,0,0,0,0,0,0,0,0,0
ART003339969,한국어,N,0,0,0,0,0,0,0,0,0
ART003339975,한국어,N,0,0,0,0,0,0,0,0,0
ART003339980,한국어,N,0,0,0,0,0,0,0,0,0
ART003339986,한국어,N,0,0,0,0,0,0,0,0,0
ART003340311,영어,N,0,0,0,0,0,0,0,0,0
ART003340402,중국어,N,0,0,0,0,0,0,0,0,0
ART003340565,중국어,N,0,0,0,0,0,0,0,0,0
ART003340591,영어,N,0,0,0,0,0,0,0,0,0
ART003340606,영어,N,0,0,0,0,0,0,0,0,0
ART003340609,영어,N,0,0,0,0,0,0,0,0,0
ART003340639,영어,N,0,0,0,0,0,0,0,0,0
ART003340691,영어,N,0,0,0,0,0,0,0,0,0
ART003340698,영어,N,0,0,0,0,0,0,0,0,0
ART003341520,영어,N,0,0,0,0,0,0,0,0,0
ART003341939,한국어,N,0,0,0,0,0,0,0,0,0
ART003342098,한국어,N,0,0,0,0,0,0,0,0,0
ART003342189,한국어,N,0,0,0,0,0,0,0,0,0
ART003342201,한국어,N,0,0,0,0,0,0,0,0,0
ART003342227,한국어,N,0,0,0,0,0,0,0,0,0
ART003342308,영어,N,0,0,0,0,0,0,0,0,0
ART003342314,영어,N,0,0,0,0,0,0,0,0,0
ART003344428,영어,N,0,0,0,0,0,0,0,0,0
ART003344432,영어,N,0,0,0,0,0,0,0,0,0
ART003344610,한국어,N,0,0,0,0,0,0,0,0,0
ART003345576,한국어,N,0,0,0,0,0,0,0,0,0
ART003346644,한국어,N,0,0,0,0,0,0,0,0,0
ART003346833,영어,N,0,0,0,0,0,0,0,0,0
ART003347333,영어,N,0,0,0,0,0,0,0,0,0
ART003347416,영어,N,0,0,0,0,0,0,0,0,0
ART003347470,영어,N,0,0,0,0,0,0,0,0,0
ART003347927,영어,N,0,0,0,0,0,0,0,0,0
ART003348513,영어,N,0,0,0,0,0,0,0,0,0
ART003349070,한국어,N,0,0,0,0,0,0,0,0,0
ART003349102,영어,N,0,0,0,0,0,0,0,0,0
ART003349279,중국어,N,0,0,0,0,0,0,0,0,0
ART003349386,한국어,N,0,0,0,0,0,0,0,0,0
ART003349422,한국어,N,0,0,0,0,0,0,0,0,0
ART003349444,영어,N,0,0,0,0,0,0,0,0,0
ART003349494,영어,N,0,0,0,0,0,0,0,0,0
ART003349597,영어,N,0,0,0,0,0,0,0,0,0
ART003350724,영어,N,0,0,0,0,0,0,0,0,0
ART003350747,영어,N,0,0,0,0,0,0,0,0,0
ART003350795,영어,N,0,0,0,0,0,0,0,0,0
ART003350805,영어,N,0,0,0,0,0,0,0,0,0
ART003350837,영어,N,0,0,0,0,0,0,0,0,0
ART003350848,영어,N,0,0,0,0,0,0,0,0,0
ART003350965,한국어,N,0,0,0,0,0,0,0,0,0
ART003351095,영어,N,0,0,0,0,0,0,0,0,0
ART003351256,영어,N,0,0,0,0,0,0,0,0,0
ART003351273,영어,N,0,0,0,0,0,0,0,0,0
ART003351347,중국어,N,0,0,0,0,0,0,0,0,0
ART003351456,한국어,N,0,0,0,0,0,0,0,0,0
ART003351468,한국어,N,0,0,0,0,0,0,0,0,0
ART003351631,한국어,N,0,0,0,0,0,0,0,0,0
ART003351825,영어,N,0,0,0,0,0,0,0,0,0
ART003352097,영어,N,0,0,0,0,0,0,0,0,0
ART003352378,중국어,N,0,0,0,0,0,0,0,0,0
ART003352469,한국어,N,0,0,0,0,0,0,0,0,0
ART003352628,영어,N,0,0,0,0,0,0,0,0,0
ART003352630,영어,N,0,0,0,0,0,0,0,0,0
ART003352636,영어,N,0,0,0,0,0,0,0,0,0
ART003352769,영어,N,0,0,0,0,0,0,0,0,0
ART003352896,영어,N,0,0,0,0,0,0,0,0,0
ART003353021,영어,N,0,0,0,0,0,0,0,0,0
ART003353175,영어,N,0,0,0,0,0,0,0,0,0
ART003353221,영어,N,0,0,0,0,0,0,0,0,0
ART003353670,한국어,N,0,0,0,0,0,0,0,0,0
ART003353684,한국어,N,0,0,0,0,0,0,0,0,0
ART003353922,한국어,N,0,0,0,0,0,0,0,0,0
ART003354008,한국어,N,0,0,0,0,0,0,0,0,0
ART003354036,한국어,N,0,0,0,0,0,0,0,0,0
ART003354409,한국어,N,0,0,0,0,0,0,0,0,0
ART003354467,한국어,N,0,0,0,0,0,0,0,0,0
ART003354663,중국어,N,0,0,0,0,0,0,0,0,0
ART003355073,영어,N,0,0,0,0,0,0,0,0,0
ART003355360,한국어,N,0,0,0,0,0,0,0,0,0
ART003355716,한국어,N,0,0,0,0,0,0,0,0,0
ART003356078,영어,N,0,0,0,0,0,0,0,0,0
ART003356101,중국어,N,0,0,0,0,0,0,0,0,0
ART003356144,영어,N,0,0,0,0,0,0,0,0,0
ART003356147,영어,N,0,0,0,0,0,0,0,0,0
ART003356148,영어,N,0,0,0,0,0,0,0,0,0
ART003356297,한국어,N,0,0,0,0,0,0,0,0,0
ART003356365,영어,N,0,0,0,0,0,0,0,0,0
ART003356640,영어,N,0,0,0,0,0,0,0,0,0
ART003357831,한국어,N,0,0,0,0,0,0,0,0,0
ART003357833,한국어,N,0,0,0,0,0,0,0,0,0
ART003358130,한국어,N,0,0,0,0,0,0,0,0,0
ART003358209,영어,N,0,0,0,0,0,0,0,0,0
ART003358353,영어,N,0,0,0,0,0,0,0,0,0
ART003359242,영어,N,0,0,0,0,0,0,0,0,0
ART003359283,영어,N,0,0,0,0,0,0,0,0,0
ART003359418,한국어,N,0,0,0,0,0,0,0,0,0
ART003359422,한국어,N,0,0,0,0,0,0,0,0,0
ART003359435,한국어,N,0,0,0,0,0,0,0,0,0
ART003359461,한국어,N,0,0,0,0,0,0,0,0,0
