artiId,언어군,학습자맥락,초중등,대학
ART002567227,영어,,0,0
ART002573767,영어,,1,0
ART002583554,영어,,1,0
ART002589981,영어,,0,0
ART002590263,영어,,0,0
ART002597022,영어,,1,0
ART002597529,영어,,0,0
ART002601186,한국어,L2,0,0
ART002603368,영어,,1,0
ART002603383,영어,,1,0
ART002603403,영어,,0,0
ART002603654,영어,,0,0
ART002605228,영어,,0,0
ART002611225,영어,,0,0
ART002613530,한국어,L1,0,1
ART002620199,한국어,L2,0,0
ART002623983,영어,,1,0
ART002623987,영어,,1,1
ART002629602,영어,,0,1
ART002630330,영어,,1,0
ART002636471,영어,,0,0
ART002636973,영어,,0,1
ART002637350,중국어,,0,0
ART002642227,영어,,0,0
ART002649783,영어,,0,0
ART002659110,영어,,0,1
ART002660563,영어,,0,0
ART002661261,한국어,L2,0,0
ART002662563,영어,,1,1
ART002662782,한국어,L1,1,1
ART002663959,중국어,,0,1
ART002665709,영어,,0,0
ART002673711,영어,,0,0
ART002681309,영어,,0,0
ART002681484,영어,,0,0
ART002681490,영어,,0,1
ART002682139,영어,,1,0
ART002687354,영어,,0,0
ART002687474,영어,,0,1
ART002688197,영어,,1,0
ART002688407,영어,,0,0
ART002688408,영어,,0,0
ART002688434,영어,,1,0
ART002688716,한국어,L2,0,0
ART002688886,영어,,0,0
ART002689156,영어,,0,0
ART002689157,영어,,0,0
ART002689160,영어,,0,1
ART002694686,한국어,L2,0,1
ART002696276,영어,,0,0
ART002698265,영어,,0,1
ART002698618,영어,,1,0
ART002699513,한국어,L2,0,0
ART002707732,영어,,0,0
ART002708187,영어,,0,1
ART002709575,영어,,1,0
ART002714132,한국어,L2,0,0
ART002716919,영어,,1,0
ART002718950,한국어,L1,0,0
ART002719374,영어,,1,0
ART002720955,영어,,0,1
ART002721055,한국어,L2,0,0
ART002721532,영어,,1,0
ART002726480,영어,,0,0
ART002729726,한국어,L2,0,1
ART002731902,영어,,0,0
ART002731919,한국어,L2,0,0
ART002732332,영어,,1,0
ART002737367,영어,,0,0
ART002738584,한국어,L2,0,1
ART002739767,영어,,0,0
ART002741632,영어,,1,0
ART002741633,영어,,1,0
ART002742852,한국어,L2,0,1
ART002747447,영어,,0,0
ART002749365,영어,,0,0
ART002749984,영어,,0,1
ART002750642,영어,,1,0
ART002755565,영어,,1,0
ART002756323,한국어,L2,0,0
ART002757438,한국어,L2,0,0
ART002757457,중국어,,0,1
ART002757461,영어,,0,1
ART002759362,영어,,1,1
ART002759916,영어,,0,1
ART002760147,영어,,0,0
ART002760647,한국어,L1,0,0
ART002760714,영어,,1,0
ART002762782,영어,,1,0
ART002767500,영어,,1,1
ART002770401,한국어,L1,0,0
ART002770496,영어,,0,0
ART002775625,영어,,1,0
ART002778190,영어,,0,0
ART002778198,영어,,0,0
ART002778723,영어,,0,0
ART002778800,한국어,L2,0,0
ART002779286,한국어,L2,0,0
ART002779769,영어,,1,0
ART002782276,영어,,0,1
ART002784619,영어,,1,0
ART002786201,영어,,1,0
ART002786203,영어,,1,0
ART002789114,영어,,0,0
ART002793540,영어,,0,1
ART002795416,영어,,1,0
ART002795449,영어,,1,0
ART002795688,한국어,L1,1,0
ART002795963,영어,,0,0
ART002796449,중국어,,0,1
ART002797472,영어,,0,1
ART002803022,영어,,0,1
ART002804821,한국어,L1,1,0
ART002807486,한국어,L1,0,0
ART002813177,영어,,0,0
ART002813342,영어,,0,1
ART002813694,영어,,0,0
ART002816258,영어,,0,0
ART002820075,한국어,L1,1,0
ART002821285,영어,,1,0
ART002822067,한국어,L2,0,1
ART002822223,영어,,0,1
ART002828883,영어,,0,0
ART002829679,영어,,0,0
ART002831873,한국어,L2,0,0
ART002835383,한국어,L2,0,0
ART002836456,중국어,,0,1
ART002837151,한국어,L2,0,0
ART002844359,한국어,L2,0,0
ART002844694,한국어,L2,0,0
ART002848993,영어,,0,0
ART002850759,영어,,0,0
ART002852703,영어,,1,0
ART002852779,영어,,0,1
ART002852963,영어,,0,0
ART002853139,영어,,0,0
ART002853280,영어,,0,1
ART002858999,영어,,1,1
ART002864112,중국어,,0,0
ART002864758,영어,,0,0
ART002867682,한국어,L2,0,1
ART002868589,중국어,,0,0
ART002869074,한국어,L1,1,0
ART002869202,영어,,0,0
ART002870236,영어,,1,0
ART002870272,영어,,1,0
ART002870850,영어,,1,0
ART002870952,영어,,0,1
ART002871307,영어,,0,0
ART002871325,영어,,1,0
ART002874163,한국어,L2,1,0
ART002877417,영어,,1,0
ART002879240,영어,,1,0
ART002879355,영어,,0,1
ART002879768,중국어,,0,0
ART002879996,영어,,0,1
ART002880076,영어,,0,1
ART002880987,영어,,0,0
ART002881718,영어,,0,0
ART002882962,한국어,미명시,0,0
ART002883389,영어,,1,0
ART002883706,영어,,1,0
ART002884325,영어,,0,1
ART002885100,한국어,L2,0,0
ART002887072,한국어,L1,0,0
ART002890421,한국어,미명시,0,0
ART002892425,영어,,0,1
ART002898945,영어,,1,0
ART002900230,영어,,0,0
ART002900682,한국어,L2,0,0
ART002900683,한국어,L2,0,1
ART002900691,한국어,L2,0,0
ART002904503,한국어,L1,1,0
ART002904821,영어,,0,1
ART002908411,한국어,L2,0,1
ART002909994,한국어,미명시,0,1
ART002911495,영어,,0,1
ART002911844,영어,,1,0
ART002913470,영어,,0,1
ART002913580,영어,,0,0
ART002914524,영어,,0,1
ART002915258,영어,,0,0
ART002917136,한국어,L2,0,0
ART002920963,한국어,L2,0,0
ART002923808,영어,,0,1
ART002926819,한국어,L1,1,0
ART002926971,한국어,L2,0,0
ART002928413,중국어,,0,0
ART002932677,영어,,1,0
ART002932981,영어,,1,0
ART002932996,영어,,0,0
ART002936027,한국어,L2,0,0
ART002937107,영어,,0,0
ART002941375,영어,,0,0
ART002941399,영어,,0,1
ART002942027,중국어,,0,0
ART002943094,영어,,1,0
ART002943137,영어,,0,1
ART002943780,영어,,0,0
ART002944645,영어,,1,0
ART002944747,영어,,0,1
ART002945477,영어,,0,1
ART002945492,중국어,,0,1
ART002947390,한국어,L2,0,0
ART002949647,영어,,0,1
ART002949651,영어,,0,1
ART002949969,영어,,0,1
ART002950041,한국어,L1,0,0
ART002953060,중국어,,0,0
ART002953230,영어,,1,0
ART002953424,영어,,0,1
ART002954001,영어,,0,1
ART002955580,영어,,1,1
ART002955628,영어,,0,1
ART002956050,한국어,L2,0,0
ART002960653,영어,,0,0
ART002960694,영어,,0,1
ART002960695,영어,,1,0
ART002960786,한국어,L2,0,0
ART002960800,영어,,0,1
ART002961112,한국어,L2,0,0
ART002961439,한국어,L2,0,0
ART002961534,영어,,1,0
ART002961757,영어,,1,0
ART002962771,한국어,L2,0,0
ART002962788,영어,,0,1
ART002963102,영어,,0,1
ART002963106,영어,,0,0
ART002963108,영어,,0,0
ART002963110,영어,,0,0
ART002963113,영어,,0,1
ART002963117,영어,,0,0
ART002963118,영어,,0,0
ART002963119,영어,,0,0
ART002965304,한국어,L1,0,0
ART002966706,한국어,L1,0,0
ART002970069,영어,,0,1
ART002970242,영어,,1,0
ART002970274,영어,,0,1
ART002970526,영어,,0,0
ART002970548,영어,,0,0
ART002970563,영어,,0,0
ART002970577,영어,,0,0
ART002970934,한국어,L1,0,0
ART002971359,영어,,0,0
ART002971991,한국어,L2,0,1
ART002972535,한국어,L2,0,1
ART002973143,영어,,0,0
ART002973817,영어,,1,0
ART002974844,영어,,0,1
ART002975064,한국어,L2,0,0
ART002977020,한국어,미명시,0,0
ART002981289,한국어,L2,0,1
ART002987907,영어,,1,0
ART002988928,한국어,L1,1,0
ART002988974,영어,,1,0
ART002989071,영어,,0,0
ART002989143,영어,,0,1
ART002989427,영어,,0,1
ART002990748,한국어,L1,0,0
ART002991325,한국어,L2,0,0
ART002991450,영어,,0,1
ART002993852,영어,,0,0
ART002996174,한국어,L2,0,1
ART002997291,영어,,0,0
ART002999641,영어,,0,0
ART003000414,한국어,미명시,0,0
ART003000860,영어,,0,1
ART003001044,영어,,1,0
ART003001461,한국어,L2,0,1
ART003001551,영어,,0,1
ART003001553,영어,,0,1
ART003001586,영어,,1,0
ART003001594,영어,,0,0
ART003001699,영어,,0,1
ART003002778,한국어,L2,0,0
ART003002804,영어,,0,0
ART003006528,영어,,0,1
ART003006900,영어,,1,0
ART003007990,한국어,L2,0,1
ART003007991,한국어,L2,1,0
ART003009104,한국어,미명시,0,0
ART003011949,한국어,L2,0,0
ART003014350,영어,,0,1
ART003015002,한국어,L1,1,0
ART003017387,영어,,0,1
ART003017395,영어,,0,0
ART003017769,한국어,L2,0,0
ART003018302,영어,,0,0
ART003018920,영어,,0,0
ART003019005,영어,,1,0
ART003019058,영어,,0,1
ART003019988,한국어,L2,0,0
ART003020530,한국어,L1,0,1
ART003022439,한국어,미명시,0,0
ART003023247,영어,,0,1
ART003023828,영어,,0,1
ART003026052,영어,,0,1
ART003026060,영어,,0,0
ART003026386,영어,,0,0
ART003026413,영어,,1,0
ART003026415,영어,,0,0
ART003027057,영어,,0,0
ART003027136,영어,,0,1
ART003030324,영어,,0,0
ART003030747,영어,,0,0
ART003031141,영어,,0,1
ART003031143,영어,,0,1
ART003031613,한국어,L2,0,1
ART003032024,영어,,0,1
ART003032575,영어,,0,0
ART003032755,영어,,0,1
ART003033214,영어,,1,0
ART003033223,영어,,0,1
ART003033297,영어,,0,0
ART003033511,영어,,1,0
ART003033587,영어,,0,1
ART003033839,영어,,0,0
ART003033928,한국어,L1,0,1
ART003034429,영어,,0,1
ART003036387,영어,,0,1
ART003036613,한국어,L2,0,0
ART003037108,중국어,,0,0
ART003039463,영어,,0,1
ART003041708,한국어,L2,0,0
ART003041823,한국어,L2,0,0
ART003041855,한국어,L2,0,0
ART003042317,영어,,0,1
ART003043066,한국어,L1,0,0
ART003043282,한국어,L2,0,1
ART003044280,한국어,L1,0,0
ART003047717,영어,,1,0
ART003048044,영어,,0,1
ART003049278,영어,,0,1
ART003049279,영어,,0,1
ART003050483,영어,,0,0
ART003050722,한국어,L1,0,0
ART003051221,영어,,0,1
ART003051460,한국어,L1,0,0
ART003051674,한국어,L2,0,0
ART003052608,영어,,1,0
ART003052801,영어,,0,1
ART003052812,영어,,0,1
ART003052835,한국어,L2,0,0
ART003052876,영어,,1,0
ART003052883,영어,,0,0
ART003052886,영어,,0,0
ART003052888,영어,,0,1
ART003053443,영어,,0,1
ART003053449,영어,,0,1
ART003053452,영어,,0,1
ART003055892,영어,,1,0
ART003056272,중국어,,0,1
ART003056294,영어,,0,1
ART003056492,영어,,0,1
ART003056621,영어,,0,1
ART003056681,영어,,0,0
ART003058114,한국어,L2,0,0
ART003058314,한국어,L2,0,0
ART003058768,한국어,L2,0,1
ART003059152,영어,,0,0
ART003059916,영어,,0,1
ART003059918,한국어,L2,0,1
ART003060320,영어,,1,0
ART003060709,영어,,0,0
ART003060739,영어,,0,1
ART003063355,영어,,0,0
ART003065177,영어,,1,0
ART003065271,영어,,0,0
ART003065710,영어,,0,1
ART003065717,영어,,0,0
ART003066181,한국어,L2,0,0
ART003066367,영어,,0,1
ART003066570,한국어,L2,0,0
ART003070033,영어,,0,1
ART003070390,한국어,L2,0,0
ART003071168,영어,,1,0
ART003072174,영어,,0,0
ART003072837,중국어,,1,0
ART003072865,한국어,L1,0,0
ART003073680,영어,,0,1
ART003074216,영어,,0,1
ART003074503,영어,,0,0
ART003075210,한국어,L1,0,1
ART003075350,영어,,0,1
ART003075467,영어,,0,1
ART003075931,한국어,L2,0,0
ART003076282,영어,,0,1
ART003077340,영어,,0,1
ART003078967,한국어,L1,0,0
ART003079089,영어,,0,1
ART003079993,한국어,L2,0,0
ART003080480,한국어,L2,0,0
ART003080537,영어,,0,1
ART003080655,중국어,,0,0
ART003083206,영어,,0,0
ART003083387,영어,,0,1
ART003083680,중국어,,0,1
ART003084458,영어,,0,1
ART003084525,한국어,L2,0,0
ART003084532,영어,,1,0
ART003084632,영어,,0,0
ART003084638,영어,,1,0
ART003084644,영어,,1,0
ART003085171,한국어,L2,0,1
ART003085305,한국어,L2,0,1
ART003085549,영어,,0,0
ART003086420,중국어,,0,0
ART003086592,영어,,0,0
ART003086913,영어,,0,1
ART003089979,영어,,0,1
ART003090032,영어,,0,1
ART003090035,영어,,0,0
ART003090041,영어,,0,1
ART003090664,영어,,0,1
ART003092054,영어,,0,1
ART003092596,한국어,L2,0,0
ART003093212,영어,,1,1
ART003093268,영어,,0,0
ART003093513,중국어,,0,0
ART003093545,영어,,0,0
ART003093629,영어,,0,1
ART003093635,한국어,L2,0,0
ART003093668,한국어,L2,0,0
ART003093860,영어,,0,1
ART003093960,영어,,0,0
ART003094277,영어,,1,0
ART003094620,영어,,1,0
ART003094645,한국어,L1,1,0
ART003095323,영어,,1,0
ART003095500,영어,,0,1
ART003095534,한국어,L1,1,0
ART003095804,한국어,L2,0,0
ART003096370,영어,,0,0
ART003097430,한국어,L2,0,0
ART003097719,영어,,0,1
ART003097763,영어,,1,0
ART003098573,한국어,L2,0,1
ART003104685,한국어,L2,0,0
ART003105101,중국어,,0,0
ART003105504,영어,,0,1
ART003105759,한국어,L2,0,1
ART003106493,중국어,,0,0
ART003106896,영어,,0,1
ART003107133,한국어,L1,0,0
ART003107277,영어,,0,0
ART003108764,영어,,0,1
ART003108802,영어,,0,1
ART003109001,중국어,,0,1
ART003111339,영어,,1,0
ART003111341,영어,,0,1
ART003111344,영어,,0,0
ART003111608,한국어,L2,0,0
ART003111653,영어,,0,0
ART003111674,영어,,0,0
ART003111683,영어,,0,0
ART003111689,영어,,0,1
ART003111818,영어,,0,0
ART003112145,중국어,,0,1
ART003112632,영어,,0,0
ART003112648,영어,,0,1
ART003113958,중국어,,0,1
ART003115440,한국어,L2,0,0
ART003116034,한국어,L2,0,0
ART003116507,한국어,L2,0,0
ART003116894,영어,,0,0
ART003119849,영어,,0,1
ART003119882,한국어,L2,0,0
ART003119999,영어,,0,1
ART003120542,영어,,0,1
ART003120546,한국어,L2,0,1
ART003120661,영어,,0,0
ART003120926,한국어,L2,0,0
ART003120927,한국어,L2,0,1
ART003120937,한국어,L2,0,1
ART003122054,한국어,L2,0,1
ART003123075,영어,,0,0
ART003123218,영어,,0,0
ART003123278,영어,,0,1
ART003123302,한국어,L2,0,1
ART003123466,영어,,0,0
ART003124054,영어,,0,1
ART003124137,한국어,L2,0,1
ART003124139,영어,,0,1
ART003124491,한국어,L2,0,0
ART003124639,한국어,L2,0,1
ART003124931,중국어,,0,0
ART003125280,중국어,,0,1
ART003126560,한국어,L2,0,0
ART003126595,영어,,1,0
ART003126596,영어,,0,1
ART003126598,영어,,0,1
ART003126825,한국어,L2,0,0
ART003128103,영어,,0,1
ART003128215,한국어,L1,0,0
ART003129183,한국어,L1,0,0
ART003129433,영어,,0,1
ART003129511,영어,,1,0
ART003130974,영어,,0,1
ART003132007,영어,,0,1
ART003132791,영어,,0,0
ART003134718,한국어,미명시,0,0
ART003134719,영어,,0,1
ART003135471,영어,,1,1
ART003136358,한국어,L2,0,1
ART003139194,영어,,0,0
ART003139201,한국어,L2,0,0
ART003139681,영어,,0,1
ART003139683,중국어,,0,0
ART003139866,한국어,L1,0,1
ART003140050,영어,,0,1
ART003140169,영어,,0,0
ART003140256,영어,,0,1
ART003140382,영어,,0,0
ART003140391,영어,,0,1
ART003140405,한국어,L1,0,1
ART003140895,영어,,0,1
ART003140950,영어,,0,1
ART003141100,한국어,L2,0,0
ART003141152,중국어,,0,0
ART003141165,중국어,,0,0
ART003141568,한국어,L1,1,0
ART003141745,한국어,L2,0,0
ART003143003,영어,,0,1
ART003143402,한국어,L2,0,0
ART003144248,한국어,L2,0,0
ART003144802,한국어,L1,0,0
ART003146801,영어,,1,0
ART003147249,영어,,0,1
ART003147564,영어,,0,0
ART003147582,영어,,0,0
ART003147980,영어,,0,1
ART003148104,영어,,0,1
ART003148112,영어,,0,0
ART003149088,영어,,1,0
ART003149100,영어,,0,0
ART003149175,영어,,1,0
ART003149184,영어,,0,1
ART003149188,영어,,1,0
ART003149195,한국어,L2,0,0
ART003149480,한국어,L2,0,1
ART003152061,한국어,미명시,0,0
ART003153395,한국어,L2,0,0
ART003153707,한국어,L2,0,0
ART003153739,영어,,0,1
ART003153949,영어,,0,0
ART003154138,영어,,0,1
ART003155569,영어,,0,0
ART003156031,영어,,0,1
ART003156219,한국어,미명시,0,0
ART003156358,한국어,L2,0,1
ART003156475,영어,,0,0
ART003156477,영어,,1,0
ART003156511,영어,,1,0
ART003156749,영어,,1,0
ART003157004,한국어,L2,0,0
ART003157019,한국어,L2,0,0
ART003157039,한국어,미명시,0,0
ART003157158,영어,,0,0
ART003157180,영어,,0,1
ART003157214,영어,,0,0
ART003159042,영어,,0,1
ART003160163,영어,,0,0
ART003161987,영어,,0,1
ART003162673,영어,,0,0
ART003163095,한국어,L2,0,1
ART003163099,영어,,0,1
ART003163978,한국어,L1,0,0
ART003165799,한국어,L2,0,0
ART003166320,영어,,0,0
ART003167866,한국어,미명시,0,0
ART003168024,한국어,L2,0,0
ART003170168,영어,,0,0
ART003170967,한국어,L2,0,0
ART003171598,영어,,0,1
ART003171600,영어,,0,0
ART003171747,한국어,L2,0,0
ART003171753,한국어,L2,0,0
ART003172856,한국어,L1,0,0
ART003172859,한국어,L1,0,0
ART003172871,한국어,L1,0,0
ART003174083,한국어,L1,0,0
ART003174675,중국어,,0,0
ART003175053,영어,,0,0
ART003175218,한국어,L2,0,0
ART003175223,한국어,L2,0,1
ART003175240,한국어,L2,0,0
ART003175750,영어,,0,0
ART003175776,영어,,1,0
ART003175860,영어,,0,1
ART003176057,영어,,0,0
ART003176060,영어,,0,0
ART003176207,영어,,0,0
ART003176210,영어,,0,0
ART003176517,영어,,0,0
ART003176611,영어,,0,1
ART003176796,영어,,0,0
ART003176805,영어,,1,0
ART003176833,영어,,0,1
ART003177148,영어,,0,0
ART003177184,영어,,0,0
ART003177857,영어,,0,1
ART003178931,영어,,0,1
ART003179162,중국어,,0,0
ART003179171,영어,,0,1
ART003179211,한국어,L2,0,1
ART003179893,중국어,,0,0
ART003180044,영어,,1,0
ART003180078,중국어,,0,0
ART003181016,영어,,0,0
ART003181314,한국어,L2,0,0
ART003181896,영어,,0,0
ART003181952,한국어,L2,0,1
ART003184118,중국어,,0,0
ART003186194,영어,,0,0
ART003186196,영어,,0,1
ART003186643,한국어,L1,1,0
ART003186646,한국어,L1,0,1
ART003186833,중국어,,0,1
ART003186972,영어,,0,1
ART003187009,한국어,L2,0,1
ART003187805,한국어,L2,0,1
ART003187811,한국어,L2,0,0
ART003187824,영어,,1,0
ART003187966,중국어,,0,0
ART003188060,영어,,0,1
ART003188852,한국어,L2,0,1
ART003189548,영어,,0,1
ART003189929,영어,,0,0
ART003189931,영어,,0,1
ART003189936,영어,,1,0
ART003189964,영어,,1,0
ART003190126,한국어,L2,0,0
ART003190722,한국어,L2,0,0
ART003192474,한국어,L1,0,0
ART003193107,한국어,L2,0,0
ART003193189,한국어,L2,0,1
ART003193998,영어,,1,0
ART003194040,한국어,L2,0,0
ART003194120,한국어,L1,0,0
ART003194123,한국어,L1,1,0
ART003194159,영어,,1,0
ART003194684,한국어,L2,0,0
ART003194860,영어,,0,1
ART003195730,영어,,0,1
ART003196236,영어,,0,0
ART003197469,영어,,1,0
ART003197486,영어,,0,0
ART003197674,한국어,L2,0,0
ART003197711,영어,,0,1
ART003198257,한국어,L2,0,0
ART003198774,한국어,L2,0,0
ART003198813,한국어,L2,0,0
ART003199107,영어,,0,0
ART003200152,영어,,0,1
ART003200154,영어,,0,0
ART003200579,영어,,0,0
ART003200839,한국어,L2,0,1
ART003200901,영어,,0,0
ART003201263,영어,,0,1
ART003201269,영어,,0,0
ART003201430,중국어,,0,0
ART003202000,영어,,0,0
ART003202020,영어,,0,0
ART003202023,영어,,0,1
ART003202130,한국어,L1,1,0
ART003202236,한국어,L2,0,1
ART003202530,영어,,0,1
ART003203400,중국어,,0,0
ART003205168,한국어,미명시,0,0
ART003205731,영어,,1,0
ART003205979,영어,,0,0
ART003206064,영어,,0,1
ART003206180,영어,,0,1
ART003206198,영어,,0,0
ART003206369,영어,,1,0
ART003206560,한국어,L2,0,0
ART003206659,한국어,L2,0,0
ART003206786,영어,,0,1
ART003207012,영어,,0,1
ART003207133,한국어,L2,0,0
ART003207157,영어,,0,1
ART003207284,영어,,0,1
ART003207566,한국어,L2,0,1
ART003207828,한국어,L2,0,0
ART003209126,영어,,0,1
ART003210084,한국어,L2,0,0
ART003211259,영어,,0,1
ART003211347,영어,,1,0
ART003213281,영어,,0,0
ART003213290,영어,,0,1
ART003213466,한국어,L2,0,0
ART003213724,중국어,,0,0
ART003213969,영어,,0,0
ART003214059,영어,,0,0
ART003214278,한국어,L2,0,0
ART003214550,한국어,L2,0,0
ART003214720,한국어,L2,0,0
ART003215164,영어,,0,1
ART003215400,한국어,L2,0,0
ART003215534,영어,,0,0
ART003215584,영어,,1,0
ART003215676,한국어,L2,0,0
ART003215976,영어,,0,0
ART003216552,영어,,1,0
ART003217130,중국어,,0,0
ART003217272,영어,,0,1
ART003217453,한국어,L1,1,0
ART003217481,영어,,0,1
ART003217493,영어,,0,0
ART003217555,영어,,0,0
ART003217663,영어,,0,0
ART003217929,영어,,1,0
ART003218048,한국어,L2,0,1
ART003218206,영어,,0,1
ART003218247,한국어,L2,0,1
ART003218672,영어,,0,0
ART003218701,영어,,0,1
ART003218722,영어,,0,1
ART003218782,영어,,0,1
ART003218860,영어,,1,0
ART003218899,영어,,1,0
ART003218988,영어,,0,0
ART003219251,한국어,L1,1,0
ART003220098,중국어,,0,0
ART003221156,한국어,L2,0,0
ART003221158,한국어,L2,0,0
ART003221250,영어,,0,1
ART003221834,영어,,0,0
ART003221898,한국어,L1,0,0
ART003222614,영어,,0,1
ART003223500,영어,,0,1
ART003223662,영어,,0,1
ART003224098,한국어,L1,1,0
ART003224122,한국어,L2,0,0
ART003224517,영어,,1,0
ART003224916,영어,,1,1
ART003225418,한국어,L2,0,0
ART003225697,영어,,0,1
ART003229489,한국어,L2,0,1
ART003231139,한국어,L2,0,0
ART003231703,한국어,L1,0,0
ART003232096,영어,,0,0
ART003232523,영어,,0,1
ART003233007,영어,,0,0
ART003233798,한국어,L2,0,0
ART003235106,중국어,,0,0
ART003235294,영어,,0,1
ART003235309,영어,,1,0
ART003235315,영어,,0,1
ART003235572,한국어,L2,0,0
ART003235689,영어,,1,0
ART003235709,한국어,L1,1,0
ART003235903,한국어,L2,0,0
ART003235927,한국어,L2,0,1
ART003236408,영어,,0,1
ART003236435,한국어,L2,0,0
ART003236436,영어,,0,1
ART003236501,영어,,0,1
ART003236581,영어,,0,1
ART003236966,영어,,0,1
ART003237040,영어,,0,1
ART003237313,영어,,0,1
ART003237364,영어,,0,1
ART003237374,영어,,0,1
ART003237377,영어,,1,0
ART003237392,영어,,0,1
ART003237438,한국어,L1,0,1
ART003237678,영어,,0,0
ART003237685,영어,,0,1
ART003237692,영어,,0,1
ART003237714,중국어,,0,0
ART003238438,영어,,0,0
ART003238637,영어,,0,0
ART003239059,중국어,,0,0
ART003240052,영어,,0,1
ART003240058,한국어,L2,0,0
ART003242547,영어,,0,0
ART003242598,영어,,1,0
ART003242677,영어,,0,0
ART003246108,영어,,0,0
ART003246258,한국어,L2,0,0
ART003246367,중국어,,0,0
ART003246472,영어,,0,0
ART003246862,중국어,,0,1
ART003246933,한국어,L2,0,0
ART003247878,중국어,,0,1
ART003248713,영어,,0,1
ART003248735,영어,,0,1
ART003248849,한국어,L2,0,0
ART003248908,한국어,미명시,0,0
ART003248931,한국어,L1,1,1
ART003249101,영어,,1,0
ART003249450,중국어,,0,0
ART003250361,영어,,0,1
ART003250591,한국어,L1,1,0
ART003250594,한국어,L1,1,0
ART003250613,영어,,0,1
ART003250784,영어,,0,0
ART003250788,영어,,0,0
ART003251255,영어,,0,0
ART003251432,한국어,미명시,0,1
ART003251437,한국어,L2,0,0
ART003252500,한국어,L2,0,0
ART003252520,한국어,L2,0,0
ART003252526,영어,,1,0
ART003253030,한국어,L1,0,1
ART003253327,한국어,L2,0,0
ART003253339,영어,,0,1
ART003253389,한국어,L2,0,1
ART003253390,한국어,L2,0,1
ART003253415,영어,,0,0
ART003254116,영어,,0,1
ART003254396,한국어,L1,1,0
ART003254402,한국어,L1,1,0
ART003254925,한국어,L2,0,0
ART003256148,영어,,0,0
ART003256961,영어,,1,0
ART003259081,영어,,0,1
ART003259082,한국어,L2,0,1
ART003259695,한국어,L1,0,0
ART003259701,영어,,0,1
ART003260412,한국어,L2,0,1
ART003260426,영어,,0,1
ART003260513,중국어,,0,1
ART003260952,영어,,1,0
ART003261619,영어,,0,1
ART003262371,영어,,0,1
ART003264100,한국어,L2,0,0
ART003266375,영어,,0,0
ART003267174,한국어,L2,0,1
ART003267358,영어,,1,0
ART003267502,영어,,0,0
ART003267569,한국어,L1,0,1
ART003267788,영어,,0,0
ART003268101,한국어,L1,1,0
ART003268241,한국어,L2,0,0
ART003268704,한국어,L2,0,1
ART003269060,중국어,,1,0
ART003269069,영어,,0,1
ART003269076,한국어,L2,0,0
ART003269318,한국어,L2,0,0
ART003269727,한국어,L2,0,0
ART003269737,한국어,L2,0,1
ART003269939,한국어,L1,0,1
ART003269947,영어,,0,0
ART003272836,영어,,0,1
ART003272870,한국어,L1,1,0
ART003272886,한국어,L2,0,1
ART003273023,한국어,L2,0,1
ART003273535,영어,,1,1
ART003274734,영어,,0,1
ART003274738,영어,,0,1
ART003274865,영어,,0,0
ART003275402,영어,,0,0
ART003275843,한국어,미명시,0,0
ART003275847,한국어,L1,1,0
ART003275848,영어,,0,0
ART003275849,한국어,L2,0,0
ART003276256,영어,,0,0
ART003276665,영어,,1,0
ART003278172,한국어,L1,1,0
ART003278877,영어,,1,0
ART003278902,영어,,0,1
ART003278967,영어,,0,0
ART003279243,영어,,0,0
ART003279679,영어,,0,1
ART003279836,영어,,0,1
ART003280202,한국어,L2,0,0
ART003280805,영어,,0,1
ART003280855,영어,,0,0
ART003280870,영어,,0,1
ART003280912,영어,,0,1
ART003281320,영어,,0,1
ART003281729,영어,,1,0
ART003281767,영어,,0,0
ART003281838,영어,,0,0
ART003281914,한국어,L2,0,0
ART003282261,영어,,0,0
ART003282267,영어,,0,0
ART003282276,한국어,L1,0,0
ART003282349,영어,,0,0
ART003282359,한국어,L1,0,0
ART003282360,영어,,0,1
ART003282372,영어,,0,0
ART003282988,영어,,0,1
ART003283129,영어,,0,0
ART003283156,영어,,0,1
ART003283159,영어,,0,1
ART003283201,영어,,0,0
ART003283778,영어,,0,1
ART003283814,영어,,1,0
ART003283835,영어,,0,0
ART003283845,영어,,0,0
ART003284059,영어,,0,1
ART003284145,영어,,0,0
ART003284180,영어,,0,0
ART003284182,영어,,0,1
ART003284426,영어,,0,1
ART003284464,영어,,0,1
ART003284865,한국어,L2,0,0
ART003285292,영어,,0,0
ART003285517,영어,,1,0
ART003285700,영어,,0,0
ART003285796,영어,,0,1
ART003285869,영어,,0,0
ART003286158,영어,,0,1
ART003286259,한국어,L1,0,1
ART003286313,한국어,L2,0,0
ART003286438,영어,,0,1
ART003286477,영어,,0,1
ART003286964,한국어,L2,0,0
ART003287743,영어,,0,0
ART003289283,영어,,0,1
ART003289501,중국어,,0,0
ART003289679,한국어,L2,0,0
ART003289734,한국어,L2,0,1
ART003290209,한국어,L2,0,1
ART003290330,한국어,L2,0,0
ART003291148,한국어,L2,0,0
ART003292010,영어,,0,1
ART003292012,영어,,0,1
ART003292237,영어,,0,1
ART003292262,중국어,,0,1
ART003293927,한국어,L2,0,1
ART003294258,한국어,L1,1,0
ART003294265,한국어,L2,0,0
ART003295349,한국어,L1,1,0
ART003295393,한국어,L2,0,0
ART003295432,한국어,L2,0,0
ART003295441,한국어,L2,0,0
ART003295775,한국어,L1,0,0
ART003296612,한국어,L1,0,1
ART003300805,한국어,L2,0,0
ART003301049,중국어,,0,1
ART003301432,영어,,0,0
ART003302429,영어,,0,1
ART003302624,영어,,0,1
ART003302835,영어,,0,1
ART003303265,한국어,L2,0,0
ART003304454,영어,,0,0
ART003304455,영어,,0,1
ART003304457,영어,,0,0
ART003304458,영어,,0,0
ART003305398,영어,,0,0
ART003305487,한국어,L2,0,0
ART003305494,한국어,L2,0,1
ART003306708,영어,,0,1
ART003306721,한국어,L2,0,1
ART003306957,한국어,L1,1,0
ART003307174,영어,,0,1
ART003307262,영어,,0,1
ART003307332,영어,,0,0
ART003307361,영어,,1,0
ART003307375,영어,,0,0
ART003307433,영어,,0,0
ART003307514,한국어,L1,0,0
ART003307706,한국어,L2,0,1
ART003307765,영어,,0,1
ART003308144,영어,,0,1
ART003308185,한국어,L2,0,0
ART003308227,한국어,L2,0,0
ART003308356,한국어,L2,0,1
ART003308556,한국어,미명시,0,0
ART003308675,영어,,0,1
ART003309237,한국어,L1,0,0
ART003309263,영어,,0,1
ART003309531,영어,,1,0
ART003309546,영어,,0,1
ART003309944,영어,,0,0
ART003310680,영어,,1,0
ART003310701,영어,,0,1
ART003310967,영어,,0,1
ART003310969,영어,,0,1
ART003310976,한국어,L1,0,0
ART003311201,한국어,L2,1,0
ART003312767,중국어,,0,1
ART003312841,영어,,0,1
ART003312886,영어,,0,1
ART003313343,한국어,L2,0,1
ART003313363,한국어,L2,0,1
ART003313924,한국어,L2,0,1
ART003315832,한국어,L1,0,0
ART003317697,영어,,0,1
ART003317730,영어,,0,0
ART003317908,중국어,,0,0
ART003318207,영어,,0,1
ART003318220,영어,,0,1
ART003318378,한국어,L2,1,0
ART003318387,한국어,L2,0,0
ART003318460,영어,,1,0
ART003318510,영어,,0,0
ART003318555,영어,,0,1
ART003318557,영어,,0,0
ART003318563,영어,,0,0
ART003318671,영어,,0,1
ART003318674,한국어,L2,0,1
ART003319866,영어,,0,1
ART003320177,중국어,,0,1
ART003320336,영어,,0,1
ART003320399,영어,,0,1
ART003321210,영어,,1,0
ART003321223,영어,,0,0
ART003321236,한국어,L1,1,0
ART003321243,한국어,L1,0,0
ART003321247,한국어,L1,0,0
ART003321822,영어,,0,1
ART003321962,한국어,L2,0,0
ART003322041,영어,,0,0
ART003322050,영어,,0,1
ART003322059,한국어,L2,0,1
ART003322288,영어,,0,1
ART003322291,영어,,0,1
ART003323779,한국어,L2,0,0
ART003324359,중국어,,0,0
ART003325012,한국어,L2,0,0
ART003325356,한국어,L1,1,0
ART003325386,한국어,L1,1,0
ART003325473,영어,,0,1
ART003325537,한국어,L2,0,0
ART003325538,한국어,L2,0,1
ART003326284,한국어,L1,1,0
ART003326290,한국어,L2,0,1
ART003326797,영어,,0,1
ART003326799,영어,,0,1
ART003327014,중국어,,0,0
ART003327781,영어,,0,0
ART003328309,중국어,,0,1
ART003328572,중국어,,0,0
ART003329111,영어,,0,1
ART003329135,영어,,0,1
ART003329187,영어,,1,0
ART003329188,영어,,0,0
ART003329190,영어,,0,0
ART003329310,영어,,0,1
ART003329543,영어,,0,1
ART003330004,중국어,,0,1
ART003330129,한국어,L2,0,1
ART003330419,한국어,L2,0,0
ART003330422,한국어,L2,0,0
ART003330529,한국어,L2,0,0
ART003331144,영어,,0,1
ART003331175,한국어,L2,0,0
ART003331312,영어,,0,1
ART003331456,한국어,L2,0,0
ART003331996,한국어,L2,0,0
ART003332113,한국어,L2,0,1
ART003332127,영어,,1,0
ART003332511,한국어,L1,0,0
ART003332754,영어,,1,0
ART003332942,영어,,0,0
ART003333238,한국어,L1,0,1
ART003333658,영어,,0,1
ART003333729,영어,,0,1
ART003333731,한국어,L2,0,0
ART003335094,영어,,1,0
ART003335097,한국어,L2,0,1
ART003335483,한국어,L1,0,1
ART003336941,한국어,L2,0,0
ART003337210,한국어,L1,1,0
ART003337491,한국어,L2,0,0
ART003339598,영어,,0,1
ART003339600,영어,,1,0
ART003339856,한국어,L2,0,1
ART003339955,한국어,L2,0,0
ART003339969,한국어,L2,0,0
ART003339975,한국어,L2,0,0
ART003339980,한국어,L2,0,0
ART003339986,한국어,L2,0,1
ART003340311,영어,,0,1
ART003340402,중국어,,0,0
ART003340565,중국어,,0,1
ART003340591,영어,,0,1
ART003340606,영어,,0,1
ART003340609,영어,,0,0
ART003340639,영어,,0,1
ART003340691,영어,,0,1
ART003340698,영어,,0,1
ART003341520,영어,,0,0
ART003341939,한국어,L2,0,0
ART003342098,한국어,L1,0,0
ART003342189,한국어,L2,0,0
ART003342201,한국어,L2,0,0
ART003342227,한국어,L2,0,0
ART003342308,영어,,0,1
ART003342314,영어,,0,1
ART003344428,영어,,1,0
ART003344432,영어,,0,0
ART003344610,한국어,L1,1,0
ART003345576,한국어,L1,1,0
ART003346644,한국어,L2,0,0
ART003346833,영어,,0,0
ART003347333,영어,,1,0
ART003347416,영어,,0,0
ART003347470,영어,,0,1
ART003347927,영어,,1,0
ART003348513,영어,,1,0
ART003349070,한국어,L2,0,0
ART003349102,영어,,0,0
ART003349279,중국어,,0,0
ART003349386,한국어,L2,0,0
ART003349422,한국어,L2,0,0
ART003349444,영어,,0,1
ART003349494,영어,,0,0
ART003349597,영어,,0,0
ART003350724,영어,,0,1
ART003350747,영어,,0,1
ART003350795,영어,,0,1
ART003350805,영어,,0,0
ART003350837,영어,,0,1
ART003350848,영어,,0,1
ART003350965,한국어,L2,0,1
ART003351095,영어,,0,1
ART003351256,영어,,1,0
ART003351273,영어,,0,1
ART003351347,중국어,,0,1
ART003351456,한국어,L1,1,0
ART003351468,한국어,L2,0,1
ART003351631,한국어,L2,0,0
ART003351825,영어,,1,0
ART003352097,영어,,0,1
ART003352378,중국어,,0,0
ART003352469,한국어,L2,0,0
ART003352628,영어,,0,0
ART003352630,영어,,0,0
ART003352636,영어,,0,0
ART003352769,영어,,0,0
ART003352896,영어,,0,1
ART003353021,영어,,1,0
ART003353175,영어,,1,1
ART003353221,영어,,1,0
ART003353670,한국어,L2,0,0
ART003353684,한국어,L2,0,0
ART003353922,한국어,L1,1,0
ART003354008,한국어,L1,1,0
ART003354036,한국어,L2,0,0
ART003354409,한국어,L2,0,0
ART003354467,한국어,L2,0,1
ART003354663,중국어,,0,0
ART003355073,영어,,0,1
ART003355360,한국어,L2,0,0
ART003355716,한국어,L2,0,1
ART003356078,영어,,0,0
ART003356101,중국어,,0,0
ART003356144,영어,,0,1
ART003356147,영어,,0,0
ART003356148,영어,,1,0
ART003356297,한국어,L2,0,0
ART003356365,영어,,0,1
ART003356640,영어,,0,0
ART003357831,한국어,L2,0,0
ART003357833,한국어,L2,0,1
ART003358130,한국어,L2,0,0
ART003358209,영어,,0,1
ART003358353,영어,,0,1
ART003359242,영어,,1,0
ART003359283,영어,,1,0
ART003359418,한국어,L2,0,1
ART003359422,한국어,L2,0,1
ART003359435,한국어,L2,0,0
ART003359461,한국어,L1,1,0
